---
http_interactions:
- request:
    method: get
    uri: http://ohanapi.herokuapp.com/api/search?action=index&api_token=<API_TOKEN>&controller=organizations
    body:
      encoding: US-ASCII
      string: ''
    headers:
      Accept:
      - application/vnd.ohanapi-v1+json
      User-Agent:
      - Ohanakapa Ruby Gem 1.0.0
      X-Api-Token:
      - <API_TOKEN>
      Accept-Encoding:
      - gzip;q=1.0,deflate;q=0.6,identity;q=0.3
  response:
    status:
      code: 200
      message: OK
    headers:
      Cache-Control:
      - max-age=0, private, must-revalidate
      Content-Type:
      - application/json
      Date:
      - Tue, 12 Nov 2013 07:30:20 GMT
      Etag:
      - '"9a4947dbfe12c28a0c307674d7c049c0"'
      Link:
      - <http://ohanapi.herokuapp.com/api/search?action=index&api_token=<API_TOKEN>&controller=organizations&page=57>;
        rel="last", <http://ohanapi.herokuapp.com/api/search?action=index&api_token=<API_TOKEN>&controller=organizations&page=2>;
        rel="next"
      Server:
      - nginx/1.4.3 + Phusion Passenger 4.0.23
      Status:
      - 200 OK
      X-Current-Page:
      - '1'
      X-Next-Page:
      - '2'
      X-Powered-By:
      - Phusion Passenger 4.0.23
      X-Rack-Cache:
      - miss
      X-Ratelimit-Limit:
      - '5000'
      X-Ratelimit-Remaining:
      - '4917'
      X-Request-Id:
      - fd85ea106e500380ed605e92f3446174
      X-Runtime:
      - '0.077471'
      X-Total-Count:
      - '1710'
      X-Total-Pages:
      - '57'
      X-Ua-Compatible:
      - IE=Edge,chrome=1
      Content-Length:
      - '63145'
      Connection:
      - keep-alive
    body:
      encoding: UTF-8
      string: '[{"_id":"5277f9c4ed6a9f3403000005","_slugs":["redwood-city-office-1"],"accessibility":["Disabled
        Parking","Ramp","Disabled Restroom","TTY","Wheelchair","Wheelchair-accessible
        van"],"address":{"city":"Redwood City","state":"CA","street":"2500 Middlefield
        Rd.","zip":"94063"},"coordinates":[-122.2141324,37.4773738],"created_at":"2013-11-04T11:47:16-08:00","description":"Provides
        social services eligibility determination and assistance for Health Coverage,
        CalFresh, CalWORKs and General Assistance and Children and Family Services.","hours":"Monday-Friday,
        8:00am-5:00pm; 24 hours a day, call 1-800-223-8383 for case status; 24 hours
        a day, call (650) 802-7922 to report child abuse","kind":"Human Services","mail_address":{"attention":"","city":"Redwood
        City","state":"CA","street":"2500 Middlefield Rd.","zip":"94063"},"name":"Redwood
        City Office","phones":[{"number":"800-223-8383","department":"Economic Self-Sufficiency"},{"number":"650-802-7922","department":"Children
        and Family Services"}],"short_desc":"Provides social services eligibility
        determination and assistance for Health Coverage, CalFresh, CalWORKs and General
        Assistance and Children and Family Services.","transportation":"SamTrans stops
        in front on the building, and CalTrain is located within one mile of the office
        location.","updated_at":"2013-11-07T12:47:26-08:00","urls":["http://www.smchsa.org"],"url":"http://ohanapi.herokuapp.com/api/locations/5277f9c4ed6a9f3403000005","services":[{"_id":"5277fbb737f9ba0a4700000b","audience":"San
        Mateo County residents seeking social service assistance.","description":"Provides
        social services eligibility determination and assistance for Health Coverage,
        CalFresh, CalWORKs and General Assistance and Children and Family Services.","eligibility":"Determined
        based on eligibility regulations and unique family or individual household
        composition and resource levels.","fees":"None.","keywords":["Health Insurance","Food","Cash
        Aid","Welfare","Obamacare","Medical Assistance","Social Services"],"name":"Social
        Services","updated_at":"2013-11-04T12:07:59-08:00","wait":"Based on method
        of application and daily customer volume. Our goal is to serve all residents
        with the best and fastest service to meet their needs.","categories":[{"_id":"52280f5e1edd37edff000011","depth":0,"lft":33,"name":"Food","oe_id":"102","parent_id":null,"rgt":52},{"_id":"52280f6b1edd37edff000087","depth":0,"lft":269,"name":"Money","oe_id":"107","parent_id":null,"rgt":390},{"_id":"52280f6e1edd37edff0000b0","depth":1,"lft":350,"name":"Government
        Benefits","oe_id":"107-03","parent_id":"52280f6b1edd37edff000087","rgt":361},{"_id":"52280f6f1edd37edff0000b2","depth":2,"lft":353,"name":"Food
        Benefits","oe_id":"107-03-02","parent_id":"52280f6e1edd37edff0000b0","rgt":354},{"_id":"52280f6f1edd37edff0000b4","depth":2,"lft":357,"name":"Understand
        Government Programs","oe_id":"107-03-04","parent_id":"52280f6e1edd37edff0000b0","rgt":358},{"_id":"52280f711edd37edff0000c4","depth":0,"lft":391,"name":"Care","oe_id":"108","parent_id":null,"rgt":488},{"_id":"52280f731edd37edff0000dc","depth":1,"lft":438,"name":"Navigating
        the System","oe_id":"108-05","parent_id":"52280f711edd37edff0000c4","rgt":449},{"_id":"52280f731edd37edff0000dd","depth":2,"lft":439,"name":"Help
        Fill out Forms","oe_id":"108-05-01","parent_id":"52280f731edd37edff0000dc","rgt":440},{"_id":"52280f791edd37edff000124","depth":0,"lft":583,"name":"Work","oe_id":"110","parent_id":null,"rgt":620},{"_id":"52280f791edd37edff000125","depth":1,"lft":584,"name":"Help
        Find Work","oe_id":"110-01","parent_id":"52280f791edd37edff000124","rgt":589}]}],"organization":{"_id":"521d33741974fcdb2b002289","_slugs":["san-mateo-county-human-services-agency"],"created_at":"2013-08-27T16:17:08-07:00","name":"San
        Mateo County Human Services Agency","updated_at":"2013-10-01T12:16:59-07:00","url":"http://ohanapi.herokuapp.com/api/organizations/521d33741974fcdb2b002289","locations_url":"http://ohanapi.herokuapp.com/api/organizations/521d33741974fcdb2b002289/locations"},"slugs":["redwood-city-office-1"],"id":"5277f9c4ed6a9f3403000005","_score":null,"_type":"location","_index":"production-ohana_api","_version":null,"sort":[1383594436000],"highlight":null,"_explanation":null},{"_id":"522dee274becffff2700003b","_slugs":["south-san-francisco-farmers-market"],"address":{"city":"South
        San Francisco","state":"CA","street":"748 Tennis Dr","zip":"94080"},"coordinates":[-122.4253156,37.6552314],"created_at":"2013-09-09T08:49:59-07:00","hours":"May
        - October Saturday 10:00 AM to 2:00 PM","kind":"Farmers'' Markets","market_match":true,"name":"South
        San Francisco Farmers Market","payments":["WIC","SFMNP","SNAP"],"products":["Baked
        Goods","Flowers","Herbs","Vegetables","Jams","Nuts","Prepared Food"],"updated_at":"2013-10-01T12:19:01-07:00","urls":["http://pcfma.com/market_home.php?market_id=37"],"url":"http://ohanapi.herokuapp.com/api/locations/522dee274becffff2700003b","organization":{"_id":"522dee274becffff2700003a","_slugs":["south-san-francisco-farmers-market"],"created_at":"2013-09-09T08:49:59-07:00","name":"South
        San Francisco Farmers Market","updated_at":"2013-10-01T12:19:01-07:00","url":"http://ohanapi.herokuapp.com/api/organizations/522dee274becffff2700003a","locations_url":"http://ohanapi.herokuapp.com/api/organizations/522dee274becffff2700003a/locations"},"slugs":["south-san-francisco-farmers-market"],"id":"522dee274becffff2700003b","_score":null,"_type":"location","_index":"production-ohana_api","_version":null,"sort":[1378741799000],"highlight":null,"_explanation":null},{"_id":"522dee264becffff2700002f","_slugs":["pjcc-farmers-market-at-foster-city"],"address":{"city":"Foster
        City","state":"CA","street":"800 Foster City Blvd.","zip":"94404"},"coordinates":[-122.2636018,37.5582093],"created_at":"2013-09-09T08:49:58-07:00","hours":"May
        - October Wednesday 9:00 AM to 1:00 PM","kind":"Farmers'' Markets","name":"PJCC
        Farmers'' Market at Foster City","payments":["WIC","WICcash","SFMNP","SNAP"],"products":["Vegetables","Plants"],"updated_at":"2013-10-01T12:18:59-07:00","urls":["http://www.urbantable.org"],"url":"http://ohanapi.herokuapp.com/api/locations/522dee264becffff2700002f","organization":{"_id":"522dee264becffff2700002e","_slugs":["pjcc-farmers-market-at-foster-city"],"created_at":"2013-09-09T08:49:58-07:00","name":"PJCC
        Farmers'' Market at Foster City","updated_at":"2013-10-01T12:18:59-07:00","url":"http://ohanapi.herokuapp.com/api/organizations/522dee264becffff2700002e","locations_url":"http://ohanapi.herokuapp.com/api/organizations/522dee264becffff2700002e/locations"},"slugs":["pjcc-farmers-market-at-foster-city"],"id":"522dee264becffff2700002f","_score":null,"_type":"location","_index":"production-ohana_api","_version":null,"sort":[1378741798000],"highlight":null,"_explanation":null},{"_id":"522dee264becffff27000038","_slugs":["saratoga-farmers-market"],"address":{"city":"Saratoga","state":"CA","street":"West
        Valley College, 14000 Fruitvale Avenue","zip":"95070"},"coordinates":[-122.0111089,37.2654921],"created_at":"2013-09-09T08:49:58-07:00","hours":"January
        - December Saturday 9:00 AM to 1:00 PM","kind":"Farmers'' Markets","name":"Saratoga
        Farmers'' Market","payments":["WIC","SFMNP"],"products":["Baked Goods","Cheese","Flowers","Eggs","Seafood","Herbs","Vegetables","Honey","Jams","Nursery","Nuts","Plants","Poultry","Prepared
        Food","Soap"],"updated_at":"2013-10-01T12:19:01-07:00","urls":["http://cafarmersmkts.com/markets/category/saratoga"],"url":"http://ohanapi.herokuapp.com/api/locations/522dee264becffff27000038","organization":{"_id":"522dee264becffff27000037","_slugs":["saratoga-farmers-market"],"created_at":"2013-09-09T08:49:58-07:00","name":"Saratoga
        Farmers'' Market","updated_at":"2013-10-01T12:19:01-07:00","url":"http://ohanapi.herokuapp.com/api/organizations/522dee264becffff27000037","locations_url":"http://ohanapi.herokuapp.com/api/organizations/522dee264becffff27000037/locations"},"slugs":["saratoga-farmers-market"],"id":"522dee264becffff27000038","_score":null,"_type":"location","_index":"production-ohana_api","_version":null,"sort":[1378741798000],"highlight":null,"_explanation":null},{"_id":"522dee264becffff27000032","_slugs":["redwood-city-kiwanis-farmers-market-1"],"address":{"city":"Redwood
        City","state":"CA","street":"850 Winslow Street","zip":"94063"},"coordinates":[-122.2300105,37.4854442],"created_at":"2013-09-09T08:49:58-07:00","hours":"April
        - November Saturday 8:00 AM to 12:00 PM","kind":"Farmers'' Markets","name":"Redwood
        City Kiwanis Farmers Market","payments":["WICcash"],"products":["Baked Goods","Crafts","Flowers","Eggs","Seafood","Vegetables","Honey","Nuts"],"updated_at":"2013-10-01T12:19:00-07:00","urls":["http://www.rwcfm.org"],"url":"http://ohanapi.herokuapp.com/api/locations/522dee264becffff27000032","organization":{"_id":"522dee264becffff27000031","_slugs":["redwood-city-kiwanis-farmers-market-1"],"created_at":"2013-09-09T08:49:58-07:00","name":"Redwood
        City Kiwanis Farmers Market","updated_at":"2013-10-01T12:19:00-07:00","url":"http://ohanapi.herokuapp.com/api/organizations/522dee264becffff27000031","locations_url":"http://ohanapi.herokuapp.com/api/organizations/522dee264becffff27000031/locations"},"slugs":["redwood-city-kiwanis-farmers-market-1"],"id":"522dee264becffff27000032","_score":null,"_type":"location","_index":"production-ohana_api","_version":null,"sort":[1378741798000],"highlight":null,"_explanation":null},{"_id":"522dee264becffff27000035","_slugs":["san-mateo-farmers-market"],"address":{"city":"San
        Mateo","state":"CA","street":"1700 West Hillsdale Boulevard","zip":"94401"},"coordinates":[-122.335123,37.5350511],"created_at":"2013-09-09T08:49:58-07:00","hours":"January
        - December Saturday 9:00 AM to 1:00 PM","kind":"Farmers'' Markets","market_match":true,"name":"San
        Mateo Farmers'' Market","payments":["Credit","WIC","SFMNP","SNAP"],"products":["Baked
        Goods","Cheese","Crafts","Flowers","Eggs","Seafood","Herbs","Vegetables","Honey","Jams","Meat","Nursery","Nuts","Plants","Poultry","Prepared
        Food","Soap","Wine"],"updated_at":"2013-10-01T12:19:00-07:00","urls":["http://www.pcfma.com/sanmateo"],"url":"http://ohanapi.herokuapp.com/api/locations/522dee264becffff27000035","organization":{"_id":"522dee264becffff27000034","_slugs":["san-mateo-farmers-market"],"created_at":"2013-09-09T08:49:58-07:00","name":"San
        Mateo Farmers'' Market","updated_at":"2013-10-01T12:19:00-07:00","url":"http://ohanapi.herokuapp.com/api/organizations/522dee264becffff27000034","locations_url":"http://ohanapi.herokuapp.com/api/organizations/522dee264becffff27000034/locations"},"slugs":["san-mateo-farmers-market"],"id":"522dee264becffff27000035","_score":null,"_type":"location","_index":"production-ohana_api","_version":null,"sort":[1378741798000],"highlight":null,"_explanation":null},{"_id":"522dee254becffff27000026","_slugs":["menlo-park-farmers-market"],"address":{"city":"Menlo
        Park","state":"CA","street":"Chestnut & Menlo Avenues","zip":"94025"},"coordinates":[-122.1834629,37.45091499999999],"created_at":"2013-09-09T08:49:57-07:00","hours":"January
        - December Sunday 9:00 AM to 1:00 PM, (Open on all holidays that fall on Sundays,
        except Christmas)","kind":"Farmers'' Markets","name":"Menlo Park Farmers''
        Market","payments":["Credit"],"products":["Baked Goods","Flowers","Eggs","Seafood","Herbs","Vegetables","Honey","Jams","Meat","Nursery","Nuts","Plants","Poultry","Soap"],"updated_at":"2013-10-01T12:13:32-07:00","urls":["http://localharvest.org"],"url":"http://ohanapi.herokuapp.com/api/locations/522dee254becffff27000026","organization":{"_id":"522dee254becffff27000025","_slugs":["menlo-park-farmers-market"],"created_at":"2013-09-09T08:49:57-07:00","name":"Menlo
        Park Farmers'' Market","updated_at":"2013-10-01T12:13:32-07:00","url":"http://ohanapi.herokuapp.com/api/organizations/522dee254becffff27000025","locations_url":"http://ohanapi.herokuapp.com/api/organizations/522dee254becffff27000025/locations"},"slugs":["menlo-park-farmers-market"],"id":"522dee254becffff27000026","_score":null,"_type":"location","_index":"production-ohana_api","_version":null,"sort":[1378741797000],"highlight":null,"_explanation":null},{"_id":"522dee254becffff27000023","_slugs":["los-altos-farmers-market"],"address":{"city":"Los
        Altos","state":"CA","street":"State Street and Second Street","zip":"94022"},"coordinates":[-122.1173552,37.3791761],"created_at":"2013-09-09T08:49:57-07:00","hours":"May
        - September Thursday 4:00 PM to 8:00 PM","kind":"Farmers'' Markets","name":"Los
        Altos Farmers Market","payments":["WIC","SFMNP","SNAP"],"products":["Baked
        Goods","Flowers","Eggs","Herbs","Vegetables","Jams","Meat","Nuts","Prepared
        Food","Soap"],"updated_at":"2013-10-01T12:18:57-07:00","urls":["http://cafarmersmkts.com/markets/category/los-altos-farmers-market"],"url":"http://ohanapi.herokuapp.com/api/locations/522dee254becffff27000023","organization":{"_id":"522dee254becffff27000022","_slugs":["los-altos-farmers-market"],"created_at":"2013-09-09T08:49:57-07:00","name":"Los
        Altos Farmers Market","updated_at":"2013-10-01T12:18:57-07:00","url":"http://ohanapi.herokuapp.com/api/organizations/522dee254becffff27000022","locations_url":"http://ohanapi.herokuapp.com/api/organizations/522dee254becffff27000022/locations"},"slugs":["los-altos-farmers-market"],"id":"522dee254becffff27000023","_score":null,"_type":"location","_index":"production-ohana_api","_version":null,"sort":[1378741797000],"highlight":null,"_explanation":null},{"_id":"522dee244becffff27000020","_slugs":["kaiser-permanente-south-san-francisco-farmers-market"],"address":{"city":"South
        San Francisco","state":"CA","street":"1200 El Camino Real","zip":"94080"},"coordinates":[-122.4393303,37.6591467],"created_at":"2013-09-09T08:49:57-07:00","hours":"May
        7 - October 15 Tuesday 10:00 AM to 2:00 PM","kind":"Farmers'' Markets","market_match":true,"name":"Kaiser
        Permanente South San Francisco Farmers'' Market","payments":["WIC","SFMNP","SNAP"],"products":["Baked
        Goods","Flowers","Vegetables","Prepared Food"],"updated_at":"2013-10-01T12:18:57-07:00","urls":["http://www.pcfma.com/market_home.php?market_id=26"],"url":"http://ohanapi.herokuapp.com/api/locations/522dee244becffff27000020","organization":{"_id":"522dee244becffff2700001f","_slugs":["kaiser-permanente-south-san-francisco-farmers-market"],"created_at":"2013-09-09T08:49:56-07:00","name":"Kaiser
        Permanente South San Francisco Farmers'' Market","updated_at":"2013-10-01T12:18:57-07:00","url":"http://ohanapi.herokuapp.com/api/organizations/522dee244becffff2700001f","locations_url":"http://ohanapi.herokuapp.com/api/organizations/522dee244becffff2700001f/locations"},"slugs":["kaiser-permanente-south-san-francisco-farmers-market"],"id":"522dee244becffff27000020","_score":null,"_type":"location","_index":"production-ohana_api","_version":null,"sort":[1378741797000],"highlight":null,"_explanation":null},{"_id":"522dee254becffff27000029","_slugs":["millbrae-farmers-market"],"address":{"city":"Millbrae","state":"CA","street":"200
        Broadway","zip":"94030"},"coordinates":[-122.3905851,37.5999172],"created_at":"2013-09-09T08:49:57-07:00","hours":"January
        - December Saturday 8:00 am to 1:00 pm","kind":"Farmers'' Markets","name":"Millbrae
        Farmers Market","payments":["WIC","SFMNP"],"products":["Baked Goods","Flowers","Seafood","Herbs","Vegetables","Honey","Nuts","Plants"],"updated_at":"2013-10-01T12:18:58-07:00","urls":["http://www.millbrae.com"],"url":"http://ohanapi.herokuapp.com/api/locations/522dee254becffff27000029","organization":{"_id":"522dee254becffff27000028","_slugs":["millbrae-farmers-market"],"created_at":"2013-09-09T08:49:57-07:00","name":"Millbrae
        Farmers Market","updated_at":"2013-10-01T12:18:58-07:00","url":"http://ohanapi.herokuapp.com/api/organizations/522dee254becffff27000028","locations_url":"http://ohanapi.herokuapp.com/api/organizations/522dee254becffff27000028/locations"},"slugs":["millbrae-farmers-market"],"id":"522dee254becffff27000029","_score":null,"_type":"location","_index":"production-ohana_api","_version":null,"sort":[1378741797000],"highlight":null,"_explanation":null},{"_id":"522dee254becffff2700002c","_slugs":["pescadero-grown"],"address":{"city":"La
        Honda","state":"CA","street":"8875 La Honda Road","zip":"94020"},"coordinates":[-122.2743951,37.3180168],"created_at":"2013-09-09T08:49:57-07:00","hours":"May
        - November Tuesday 3:00 PM to 7:00 PM","kind":"Farmers'' Markets","name":"Pescadero
        Grown","payments":["Credit","WIC","SFMNP","SNAP"],"products":["Cheese","Flowers","Eggs","Seafood","Herbs","Vegetables","Jams","Meat","Nursery","Plants","Poultry"],"updated_at":"2013-10-01T12:18:59-07:00","urls":["http://Www.pescaderogrown.org"],"url":"http://ohanapi.herokuapp.com/api/locations/522dee254becffff2700002c","organization":{"_id":"522dee254becffff2700002b","_slugs":["pescadero-grown"],"created_at":"2013-09-09T08:49:57-07:00","name":"Pescadero
        Grown","updated_at":"2013-10-01T12:18:59-07:00","url":"http://ohanapi.herokuapp.com/api/organizations/522dee254becffff2700002b","locations_url":"http://ohanapi.herokuapp.com/api/organizations/522dee254becffff2700002b/locations"},"slugs":["pescadero-grown"],"id":"522dee254becffff2700002c","_score":null,"_type":"location","_index":"production-ohana_api","_version":null,"sort":[1378741797000],"highlight":null,"_explanation":null},{"_id":"522dee244becffff2700001a","_slugs":["hot-harvest-nights-san-carlos-farmers-market"],"address":{"city":"San
        Carlos","state":"CA","street":"700 Block, Laurel Street","zip":"94070"},"coordinates":[-122.259756,37.5048839],"created_at":"2013-09-09T08:49:56-07:00","hours":"May
        2 - September 12 Thursday 4:00 PM to 8:00 PM","kind":"Farmers'' Markets","name":"Hot
        Harvest Nights San Carlos Farmers'' Market","products":["Baked Goods","Flowers","Seafood","Vegetables","Prepared
        Food"],"updated_at":"2013-10-01T12:13:32-07:00","urls":["https://www.sancarloschamber.org/textpages/farmers_market.aspx"],"url":"http://ohanapi.herokuapp.com/api/locations/522dee244becffff2700001a","organization":{"_id":"522dee244becffff27000019","_slugs":["hot-harvest-nights-san-carlos-farmers-market"],"created_at":"2013-09-09T08:49:56-07:00","name":"Hot
        Harvest Nights San Carlos Farmers'' Market","updated_at":"2013-10-01T12:13:32-07:00","url":"http://ohanapi.herokuapp.com/api/organizations/522dee244becffff27000019","locations_url":"http://ohanapi.herokuapp.com/api/organizations/522dee244becffff27000019/locations"},"slugs":["hot-harvest-nights-san-carlos-farmers-market"],"id":"522dee244becffff2700001a","_score":null,"_type":"location","_index":"production-ohana_api","_version":null,"sort":[1378741796000],"highlight":null,"_explanation":null},{"_id":"522dee244becffff27000017","_slugs":["east-palo-alto-community-farmers-market"],"address":{"city":"East
        Palo Alto","state":"CA","street":"1798-A Bay Road","zip":"94303"},"coordinates":[-122.1304591,37.4546566],"created_at":"2013-09-09T08:49:56-07:00","hours":"January
        - December Wednesday 12:00 PM to 3:00 PM","kind":"Farmers'' Markets","name":"East
        Palo Alto Community Farmers Market","payments":["Credit","WIC","SNAP"],"products":["Flowers","Vegetables"],"updated_at":"2013-10-01T12:18:56-07:00","urls":["http://www.collectiveroots.org"],"url":"http://ohanapi.herokuapp.com/api/locations/522dee244becffff27000017","organization":{"_id":"522dee244becffff27000016","_slugs":["east-palo-alto-community-farmers-market"],"created_at":"2013-09-09T08:49:56-07:00","name":"East
        Palo Alto Community Farmers Market","updated_at":"2013-10-01T12:18:56-07:00","url":"http://ohanapi.herokuapp.com/api/organizations/522dee244becffff27000016","locations_url":"http://ohanapi.herokuapp.com/api/organizations/522dee244becffff27000016/locations"},"slugs":["east-palo-alto-community-farmers-market"],"id":"522dee244becffff27000017","_score":null,"_type":"location","_index":"production-ohana_api","_version":null,"sort":[1378741796000],"highlight":null,"_explanation":null},{"_id":"522dee244becffff27000014","_slugs":["daly-city-farmers-market-at-serramonte-center"],"address":{"city":"Daly
        City","state":"CA","street":"133 Serramonte Center","zip":"94015"},"coordinates":[-122.471026,37.6704999],"created_at":"2013-09-09T08:49:56-07:00","hours":"January
        - December Thursday 9:00 AM to 1:00 PM, Saturday 9:00 AM to 1:00 PM","kind":"Farmers''
        Markets","name":"Daly City Farmers'' Market at Serramonte Center","payments":["WIC","SFMNP"],"products":["Baked
        Goods","Flowers","Eggs","Seafood","Herbs","Vegetables","Nursery","Nuts","Prepared
        Food","Soap"],"updated_at":"2013-10-01T12:18:55-07:00","urls":["http://cafarmersmkts.com/markets/category/daly-city"],"url":"http://ohanapi.herokuapp.com/api/locations/522dee244becffff27000014","organization":{"_id":"522dee244becffff27000013","_slugs":["daly-city-farmers-market-at-serramonte-center"],"created_at":"2013-09-09T08:49:56-07:00","name":"Daly
        City Farmers'' Market at Serramonte Center","updated_at":"2013-10-01T12:18:55-07:00","url":"http://ohanapi.herokuapp.com/api/organizations/522dee244becffff27000013","locations_url":"http://ohanapi.herokuapp.com/api/organizations/522dee244becffff27000013/locations"},"slugs":["daly-city-farmers-market-at-serramonte-center"],"id":"522dee244becffff27000014","_score":null,"_type":"location","_index":"production-ohana_api","_version":null,"sort":[1378741796000],"highlight":null,"_explanation":null},{"_id":"522dee244becffff2700001d","_slugs":["kaiser-permanente-redwood-city-farmers-market"],"address":{"city":"Redwood
        City","state":"CA","street":"1150 Veterans Blvd.","zip":"94063"},"coordinates":[-122.2232169,37.4889742],"created_at":"2013-09-09T08:49:56-07:00","hours":"May
        1 - September 25 Wednesday 10:00 AM to 2:00 PM","kind":"Farmers'' Markets","name":"Kaiser
        Permanente Redwood City Farmers'' Market","payments":["WIC","SFMNP","SNAP"],"products":["Vegetables"],"updated_at":"2013-10-01T12:18:56-07:00","urls":["http://www.pcfma.com/market_home.php?market_id=39"],"url":"http://ohanapi.herokuapp.com/api/locations/522dee244becffff2700001d","organization":{"_id":"522dee244becffff2700001c","_slugs":["kaiser-permanente-redwood-city-farmers-market"],"created_at":"2013-09-09T08:49:56-07:00","name":"Kaiser
        Permanente Redwood City Farmers'' Market","updated_at":"2013-10-01T12:18:56-07:00","url":"http://ohanapi.herokuapp.com/api/organizations/522dee244becffff2700001c","locations_url":"http://ohanapi.herokuapp.com/api/organizations/522dee244becffff2700001c/locations"},"slugs":["kaiser-permanente-redwood-city-farmers-market"],"id":"522dee244becffff2700001d","_score":null,"_type":"location","_index":"production-ohana_api","_version":null,"sort":[1378741796000],"highlight":null,"_explanation":null},{"_id":"522dee234becffff27000008","_slugs":["burlingame-fresh-market-farmers-market"],"address":{"city":"Burlingame","state":"CA","street":"Howard
        Ave. & Park","zip":"94010"},"coordinates":[-122.3456787,37.5772448],"created_at":"2013-09-09T08:49:55-07:00","hours":"April
        - December Sunday 9:00 AM to 1:30 PM, May - mid-September Thursday 4:00 PM
        to 8:00 PM","kind":"Farmers'' Markets","name":"Burlingame Fresh Market Farmers
        Market","updated_at":"2013-10-01T12:13:20-07:00","urls":["http://www.burlingamechamber.org"],"url":"http://ohanapi.herokuapp.com/api/locations/522dee234becffff27000008","organization":{"_id":"522dee234becffff27000007","_slugs":["burlingame-fresh-market-farmers-market"],"created_at":"2013-09-09T08:49:55-07:00","name":"Burlingame
        Fresh Market Farmers Market","updated_at":"2013-10-01T12:13:20-07:00","url":"http://ohanapi.herokuapp.com/api/organizations/522dee234becffff27000007","locations_url":"http://ohanapi.herokuapp.com/api/organizations/522dee234becffff27000007/locations"},"slugs":["burlingame-fresh-market-farmers-market"],"id":"522dee234becffff27000008","_score":null,"_type":"location","_index":"production-ohana_api","_version":null,"sort":[1378741795000],"highlight":null,"_explanation":null},{"_id":"522dee224becffff27000005","_slugs":["belmont-farmers-market"],"address":{"city":"Belmont","state":"CA","street":"1201
        El Camino Real","zip":"94002"},"coordinates":[-122.2743709,37.519226],"created_at":"2013-09-09T08:49:55-07:00","hours":"January
        - December Sunday 9:00 AM to 1:00 PM","kind":"Farmers'' Markets","market_match":true,"name":"Belmont
        Farmers'' Market","payments":["WIC","SFMNP","SNAP"],"products":["Baked Goods","Cheese","Flowers","Eggs","Seafood","Herbs","Vegetables","Honey","Meat","Nursery","Nuts","Poultry","Prepared
        Food"],"updated_at":"2013-10-01T12:18:53-07:00","urls":["http://www.pcfma.com/market_home.php?market_id=2"],"url":"http://ohanapi.herokuapp.com/api/locations/522dee224becffff27000005","organization":{"_id":"522dee224becffff27000004","_slugs":["belmont-farmers-market"],"created_at":"2013-09-09T08:49:54-07:00","name":"Belmont
        Farmers'' Market","updated_at":"2013-10-01T12:18:53-07:00","url":"http://ohanapi.herokuapp.com/api/organizations/522dee224becffff27000004","locations_url":"http://ohanapi.herokuapp.com/api/organizations/522dee224becffff27000004/locations"},"slugs":["belmont-farmers-market"],"id":"522dee224becffff27000005","_score":null,"_type":"location","_index":"production-ohana_api","_version":null,"sort":[1378741795000],"highlight":null,"_explanation":null},{"_id":"522dee234becffff2700000b","_slugs":["coastside-farmers-market-in-half-moon-bay"],"address":{"city":"Half
        Moon Bay","state":"CA","street":"225 Cabrillo Hwy S","zip":"94019"},"coordinates":[-122.43267,37.464756],"created_at":"2013-09-09T08:49:55-07:00","hours":"May
        - December Saturday 9:00 AM to 1:00 PM","kind":"Farmers'' Markets","name":"Coastside
        Farmers'' Market in Half Moon Bay","payments":["Credit","WICcash","SFMNP","SNAP"],"products":["Baked
        Goods","Cheese","Crafts","Flowers","Eggs","Seafood","Herbs","Vegetables","Honey","Jams","Meat","Nursery","Nuts","Plants","Poultry","Prepared
        Food","Soap"],"updated_at":"2013-10-01T12:18:54-07:00","urls":["http://www.coastsidefarmersmarket.org"],"url":"http://ohanapi.herokuapp.com/api/locations/522dee234becffff2700000b","organization":{"_id":"522dee234becffff2700000a","_slugs":["coastside-farmers-market-in-half-moon-bay"],"created_at":"2013-09-09T08:49:55-07:00","name":"Coastside
        Farmers'' Market in Half Moon Bay","updated_at":"2013-10-01T12:18:54-07:00","url":"http://ohanapi.herokuapp.com/api/organizations/522dee234becffff2700000a","locations_url":"http://ohanapi.herokuapp.com/api/organizations/522dee234becffff2700000a/locations"},"slugs":["coastside-farmers-market-in-half-moon-bay"],"id":"522dee234becffff2700000b","_score":null,"_type":"location","_index":"production-ohana_api","_version":null,"sort":[1378741795000],"highlight":null,"_explanation":null},{"_id":"522dee234becffff2700000e","_slugs":["coastside-farmers-market-of-pacifca"],"address":{"city":"Pacifica","state":"CA","street":"400
        Old County Road","zip":"94044"},"coordinates":[-122.4945456,37.6100031],"created_at":"2013-09-09T08:49:55-07:00","hours":"May
        - December Wednesday 2:30 PM to 6:30 PM, (CLOSES @ 6:00 in November & December)","kind":"Farmers''
        Markets","name":"Coastside Farmers'' Market of Pacifca","payments":["Credit","WICcash","SFMNP","SNAP"],"products":["Baked
        Goods","Cheese","Flowers","Eggs","Seafood","Herbs","Vegetables","Honey","Jams","Meat","Nursery","Nuts","Poultry","Prepared
        Food","Soap"],"updated_at":"2013-10-01T12:18:54-07:00","urls":["http://www.coastsidefarmersmarket.org/"],"url":"http://ohanapi.herokuapp.com/api/locations/522dee234becffff2700000e","organization":{"_id":"522dee234becffff2700000d","_slugs":["coastside-farmers-market-of-pacifca"],"created_at":"2013-09-09T08:49:55-07:00","name":"Coastside
        Farmers'' Market of Pacifca","updated_at":"2013-10-01T12:18:54-07:00","url":"http://ohanapi.herokuapp.com/api/organizations/522dee234becffff2700000d","locations_url":"http://ohanapi.herokuapp.com/api/organizations/522dee234becffff2700000d/locations"},"slugs":["coastside-farmers-market-of-pacifca"],"id":"522dee234becffff2700000e","_score":null,"_type":"location","_index":"production-ohana_api","_version":null,"sort":[1378741795000],"highlight":null,"_explanation":null},{"_id":"522dee234becffff27000011","_slugs":["college-of-san-mateo-certified-farmers-market"],"address":{"city":"San
        Mateo","state":"CA","street":"1700 W. Hillsdale Blvd.","zip":"94402"},"coordinates":[-122.335123,37.5350511],"created_at":"2013-09-09T08:49:55-07:00","hours":"January
        - December Saturday 9:00 am to 1:00 pm","kind":"Farmers'' Markets","market_match":true,"name":"College
        of San Mateo Certified Farmers'' Market","payments":["WIC","SFMNP","SNAP"],"products":["Baked
        Goods","Cheese","Flowers","Seafood","Herbs","Vegetables","Honey","Jams","Meat","Nuts","Plants","Prepared
        Food","Soap"],"updated_at":"2013-10-01T12:18:55-07:00","urls":["http://pcfma.com/market_home.php?market_id=15"],"url":"http://ohanapi.herokuapp.com/api/locations/522dee234becffff27000011","organization":{"_id":"522dee234becffff27000010","_slugs":["college-of-san-mateo-certified-farmers-market"],"created_at":"2013-09-09T08:49:55-07:00","name":"College
        of San Mateo Certified Farmers'' Market","updated_at":"2013-10-01T12:18:55-07:00","url":"http://ohanapi.herokuapp.com/api/organizations/522dee234becffff27000010","locations_url":"http://ohanapi.herokuapp.com/api/organizations/522dee234becffff27000010/locations"},"slugs":["college-of-san-mateo-certified-farmers-market"],"id":"522dee234becffff27000011","_score":null,"_type":"location","_index":"production-ohana_api","_version":null,"sort":[1378741795000],"highlight":null,"_explanation":null},{"_id":"522dee224becffff27000002","_slugs":["25th-avenue-farmers-market"],"address":{"city":"San
        Mateo","state":"CA","street":"194 W 25th Avenue","zip":"94403"},"coordinates":[-122.309978,37.543641],"created_at":"2013-09-09T08:49:54-07:00","hours":"May
        - October Tuesday 4:00 PM to 7:30 PM","kind":"Farmers'' Markets","market_match":true,"name":"25th
        Avenue Farmers'' Market","payments":["WIC","SFMNP","SNAP"],"products":["Baked
        Goods","Flowers","Seafood","Vegetables","Honey","Meat","Nursery","Nuts","Plants","Prepared
        Food"],"updated_at":"2013-10-01T12:18:53-07:00","urls":["http://www.pcfma.com/market_home.php?market_id=40"],"url":"http://ohanapi.herokuapp.com/api/locations/522dee224becffff27000002","organization":{"_id":"522dee224becffff27000001","_slugs":["25th-avenue-farmers-market"],"created_at":"2013-09-09T08:49:54-07:00","name":"25th
        Avenue Farmers'' Market","updated_at":"2013-10-01T12:18:53-07:00","url":"http://ohanapi.herokuapp.com/api/organizations/522dee224becffff27000001","locations_url":"http://ohanapi.herokuapp.com/api/organizations/522dee224becffff27000001/locations"},"slugs":["25th-avenue-farmers-market"],"id":"522dee224becffff27000002","_score":null,"_type":"location","_index":"production-ohana_api","_version":null,"sort":[1378741794000],"highlight":null,"_explanation":null},{"_id":"521d339f1974fcdb2b00269e","_slugs":["pacifica"],"accessibility":["Wheelchair"],"address":{"city":"Pacifica","state":"CA","street":"435
        Edgemar Avenue","zip":"94044"},"ask_for":["Intake Coordinator"],"contacts":[{"_id":"521d33a01974fcdb2b00269f","name":"Melissa
        Riccio","title":"Clinical Director"}],"coordinates":[-122.489409,37.6491073],"created_at":"2013-08-27T16:17:52-07:00","description":"Offers
        counseling services to children, families and couples. Serves as a juvenile
        diversion program for youth referred from the Probation Department, police
        departments, sheriff''s office or other community agencies. Counselors are
        on-site at all of the Laguna Salada schools and Terra Nova, Oceana and Jefferson
        high schools to provide individual and group counseling, crisis intervention
        and consultation. Children''s groups are held several times a year.","faxes":[{"number":"650
        355-2850"}],"hours":"Monday-Wednesday, 4 pm-8 pm","kind":"Other","mail_address":{"attention":"Pacifica
        Youth Service Bureau","city":"Pacifica","state":"CA","street":"435 Edgemar
        Avenue","zip":"94044-6879"},"name":"Pacifica","phones":[{"number":"650 355-3900","hours":"(Monday-Wednesday,
        4 pm-8 pm)"}],"short_desc":"Offers a number of counseling programs for youth
        age 3-18, including youth with questions about their sexuality. Also offers
        counseling for adults.","transportation":"SAMTRANS stops within 1 block.","updated_at":"2013-11-07T12:44:56-08:00","urls":["http://www.youthservicebureaus.org"],"url":"http://ohanapi.herokuapp.com/api/locations/521d339f1974fcdb2b00269e","services":[{"_id":"521d33a01974fcdb2b0026ab","audience":"Children,
        adolescents, families and individuals","eligibility":"None","fees":"Vary according
        to income. Cash, checks and Medi-Cal accepted.","funding_sources":["County","Donations","Fees","Grants","School
        district"],"how_to_apply":"Apply by phone.","keywords":["CHILD PROTECTION
        AND CARE SERVICES","Crisis/Abuse Intervention/Hot","INDIVIDUAL AND FAMILY
        DEVELOPMENT SERVICES","Growth and Adjustment","LEGAL AND CRIMINAL JUSTICE
        SERVICES","Diversion","Juvenile Delinquency Prevent","MENTAL HEALTH SERVICES","Individual/Group
        Counseling","Diversion Programs","Y Facilities","Youth"],"service_areas":["San
        Mateo County","Daly City","El Granada","Half Moon Bay","Miramar","Montara","Moss
        Beach","Pacifica","San Bruno"],"updated_at":"2013-09-18T17:03:36-07:00","wait":"Varies.","categories":[{"_id":"52280f661edd37edff00004e","depth":0,"lft":155,"name":"Health","oe_id":"106","parent_id":null,"rgt":268},{"_id":"52280f681edd37edff00005c","depth":1,"lft":182,"name":"Health
        Education","oe_id":"106-04","parent_id":"52280f661edd37edff00004e","rgt":199},{"_id":"52280f681edd37edff000064","depth":2,"lft":197,"name":"Understand
        Mental Health","oe_id":"106-04-08","parent_id":"52280f681edd37edff00005c","rgt":198},{"_id":"52280f7a1edd37edff000137","depth":0,"lft":621,"name":"Legal","oe_id":"111","parent_id":null,"rgt":654},{"_id":"52280f7a1edd37edff000138","depth":1,"lft":622,"name":"Advocacy
        & Legal Aid","oe_id":"111-01","parent_id":"52280f7a1edd37edff000137","rgt":645}]}],"organization":{"_id":"521d339f1974fcdb2b002699","_slugs":["youth-service-bureaus-of-the-ymca"],"created_at":"2013-08-27T16:17:51-07:00","name":"Youth
        Service Bureaus of the YMCA","updated_at":"2013-10-01T12:18:51-07:00","url":"http://ohanapi.herokuapp.com/api/organizations/521d339f1974fcdb2b002699","locations_url":"http://ohanapi.herokuapp.com/api/organizations/521d339f1974fcdb2b002699/locations"},"slugs":["pacifica"],"id":"521d339f1974fcdb2b00269e","_score":null,"_type":"location","_index":"production-ohana_api","_version":null,"sort":[1377645472000],"highlight":null,"_explanation":null},{"_id":"521d33a01974fcdb2b0026a6","_slugs":["south-san-francisco-dot-juvenile-sexual-responsibility-program"],"accessibility":["Wheelchair"],"address":{"city":"South
        San Francisco","state":"CA","street":"1486 Huntington Avenue, Suite 100","zip":"94080-5932"},"ask_for":["Erika
        Jennings"],"contacts":[{"_id":"521d33a01974fcdb2b0026a7","name":"Erika Jennings","title":"Director
        of Clinical Services"}],"coordinates":[-122.4221521,37.6444129],"created_at":"2013-08-27T16:17:52-07:00","description":"A
        program directed to San Mateo County boys age 12-17 with a documented or suspected
        history of perpetrating sexual abuse and a parent or guardian willing to participate
        in the treatment program. Following a clinical evaluation and interviews with
        all parties, a treatment recommendation is made. Treatment consists of case
        management, weekly group therapy, parent groups, family therapy and referral
        to other resources as necessary.","emails":["ejennings@ymcasf.org"],"faxes":[{"number":"650
        877-8643"}],"kind":"Other","languages":["Spanish"],"mail_address":{"attention":"Juvenile
        Sexual Response Prog","city":"South San Francisco","state":"CA","street":"1486
        Huntington Avenue, Suite 100","zip":"94080-5932"},"name":"South San Francisco.,
        Juvenile Sexual Responsibility Program","phones":[{"number":"650 877-8642","hours":"(Monday-Thursday,
        4-8)"}],"short_desc":"Treatment program for boys age 14-17 with a documented
        or suspected history of perpetrating sexual abuse.","transportation":"SAMTRANS
        stops within 1 block. BART within 1/2 mile.","updated_at":"2013-11-07T12:47:12-08:00","url":"http://ohanapi.herokuapp.com/api/locations/521d33a01974fcdb2b0026a6","services":[{"_id":"521d33a01974fcdb2b0026ad","audience":"Boys
        age 12-17 with a suspected or documented history of low to moderate risk sex
        offenses","eligibility":"Resident of area served, age 12-17","fees":"Vary
        according to income. Medi-Cal accepted.","funding_sources":["County"],"how_to_apply":"Referral
        from the police, Probation Department, Children and Family Services, or County
        Mental Health Department.","keywords":["INDIVIDUAL AND FAMILY DEVELOPMENT
        SERVICES","Growth and Adjustment","LEGAL AND CRIMINAL JUSTICE SERVICES","Juvenile
        Delinquency Prevent","MENTAL HEALTH SERVICES","Individual/Group Counseling","Y
        Facilities","Youth"],"service_areas":["San Mateo County"],"updated_at":"2013-11-11T00:45:38-08:00","wait":"Varies.","categories":[{"_id":"52280f751edd37edff0000f5","depth":0,"lft":489,"name":"Education","oe_id":"109","parent_id":null,"rgt":582},{"_id":"52280f781edd37edff000117","depth":1,"lft":556,"name":"Skills
        & Training","oe_id":"109-06","parent_id":"52280f751edd37edff0000f5","rgt":571},{"_id":"52280f791edd37edff00011e","depth":2,"lft":569,"name":"Specialized
        Training","oe_id":"109-06-07","parent_id":"52280f781edd37edff000117","rgt":570}]}],"organization":{"_id":"521d339f1974fcdb2b002699","_slugs":["youth-service-bureaus-of-the-ymca"],"created_at":"2013-08-27T16:17:51-07:00","name":"Youth
        Service Bureaus of the YMCA","updated_at":"2013-10-01T12:18:51-07:00","url":"http://ohanapi.herokuapp.com/api/organizations/521d339f1974fcdb2b002699","locations_url":"http://ohanapi.herokuapp.com/api/organizations/521d339f1974fcdb2b002699/locations"},"slugs":["south-san-francisco-dot-juvenile-sexual-responsibility-program"],"id":"521d33a01974fcdb2b0026a6","_score":null,"_type":"location","_index":"production-ohana_api","_version":null,"sort":[1377645472000],"highlight":null,"_explanation":null},{"_id":"521d33a01974fcdb2b0026a2","_slugs":["san-mateo"],"accessibility":["Wheelchair"],"address":{"city":"San
        Mateo","state":"CA","street":"1670 South Amphlett Blvd, Suite 115","zip":"94402"},"ask_for":["Intake
        coordinator"],"contacts":[{"_id":"521d33a01974fcdb2b0026a3","name":"Erika
        Jennings, MFT","title":"Clinical Director"}],"coordinates":[-122.3022248,37.5591732],"created_at":"2013-08-27T16:17:52-07:00","description":"The
        Youth Service Bureau (YSB) of the YMCA offers individual, family, couples
        and group counseling. Offers services to families of children age 3-18 who
        may be struggling with a variety of issues including emotional and behavioral
        problems, drugs and alcohol, anger management, sexual identity, abuse and
        neglect, parenting and school and social problems. Serves as a juvenile diversion
        and risk prevention program for youth referred by the Probation Department,
        police departments, or other community agencies. Also houses Building Futures
        which is a therapeutic mentoring program for youth ages 6-14. YSB on-campus
        couseling services are offered at 19 schools throughout San Mateo County.
        Programs include Violence Prevention, School Safety Advocates, Girls United,
        case management and individual and group counseling. Formerly known as Project
        FOCYS.","emails":["ejennings@ymcasf.org"],"faxes":[{"number":"650 349-1103"}],"hours":"Monday-Wednesday,
        4 pm-8 pm","kind":"Human Services","languages":["Spanish"],"mail_address":{"attention":"of
        San Mateo","city":"San Mateo","state":"CA","street":"1670 South Amphlett Blvd,
        Suite 115","zip":"94402"},"name":"San Mateo","phones":[{"number":"650 349-7969","hours":"(Monday-Wednesday,
        11 am-8 pm; Thursday, 12-6 pm)"}],"short_desc":"Counseling program offering
        services to families of children who are having behavior problems in the community.
        Also individual and couples counseling.","updated_at":"2013-11-07T12:44:56-08:00","urls":["http://youthservicebureaus.org"],"url":"http://ohanapi.herokuapp.com/api/locations/521d33a01974fcdb2b0026a2","services":[{"_id":"521d33a01974fcdb2b0026ac","audience":"Youth
        and families, adults, adult and couples","eligibility":"Resident of area served","fees":"Vary
        according to income. Cash, checks, Medi-Cal and Victims of Crime Assistance
        accepted.","funding_sources":["City","County","Donations","Fees","Grants","State"],"how_to_apply":"Apply
        by phone. School-based services referred by school personnel or police department.","keywords":["CHILD
        PROTECTION AND CARE SERVICES","Crisis/Abuse Intervention/Hot","Individual/Group
        Counseling","INDIVIDUAL AND FAMILY DEVELOPMENT SERVICES","Growth and Adjustment","Parent
        Groups","LEGAL AND CRIMINAL JUSTICE SERVICES","Diversion","Juvenile Delinquency
        Prevent","Diversion Programs","Y Facilities","Youth","YMCA"],"service_areas":["San
        Mateo County"],"updated_at":"2013-11-11T00:45:39-08:00","wait":"Varies.","categories":[{"_id":"52280f711edd37edff0000c4","depth":0,"lft":391,"name":"Care","oe_id":"108","parent_id":null,"rgt":488},{"_id":"52280f741edd37edff0000e7","depth":1,"lft":460,"name":"Support
        Network","oe_id":"108-07","parent_id":"52280f711edd37edff0000c4","rgt":487},{"_id":"52280f741edd37edff0000e8","depth":2,"lft":461,"name":"Counseling","oe_id":"108-07-01","parent_id":"52280f741edd37edff0000e7","rgt":462}]}],"organization":{"_id":"521d339f1974fcdb2b002699","_slugs":["youth-service-bureaus-of-the-ymca"],"created_at":"2013-08-27T16:17:51-07:00","name":"Youth
        Service Bureaus of the YMCA","updated_at":"2013-10-01T12:18:51-07:00","url":"http://ohanapi.herokuapp.com/api/organizations/521d339f1974fcdb2b002699","locations_url":"http://ohanapi.herokuapp.com/api/organizations/521d339f1974fcdb2b002699/locations"},"slugs":["san-mateo"],"id":"521d33a01974fcdb2b0026a2","_score":null,"_type":"location","_index":"production-ohana_api","_version":null,"sort":[1377645472000],"highlight":null,"_explanation":null},{"_id":"521d339f1974fcdb2b00269a","_slugs":["south-san-francisco"],"accessibility":["Wheelchair"],"address":{"city":"South
        San Francisco","state":"CA","street":"1486 Huntington Avenue, Suite 100","zip":"94080-5932"},"ask_for":["Intake
        coordinator"],"contacts":[{"_id":"521d339f1974fcdb2b00269b","name":"Erika
        Jennings, MFT","title":"Director of Clinical Services"}],"coordinates":[-122.4221521,37.6444129],"created_at":"2013-08-27T16:17:51-07:00","description":"Provides
        individual, group and family therapy for children and their families meeting
        eligibility criteria. Also offers school-based counseling. Much of the counseling
        is short-term (fewer than ten sessions), but it may be extended if the agency
        has time available. Offers counseling as an alternative to juvenile justice
        system for first-time offenders who are referred by local law enforcement
        agencies. The Juvenile Sexual Responsibility Program (described separately)
        provides assessment and treatment for juveniles age 12-17 who have committed
        a sexual offense. Formerly known as North Peninsula Family Alternatives (NPFA).","faxes":[{"number":"650
        877-8643"}],"hours":"Monday-Thursday, 4-8","kind":"Other","languages":["Spanish"],"mail_address":{"attention":"of
        SSF","city":"South San Francisco","state":"CA","street":"1486 Huntington Avenue,
        Suite 100","zip":"94080-5932"},"name":"South San Francisco","phones":[{"number":"650
        877-8642","hours":"(Monday-Thursday, 11 am-8 pm)"}],"short_desc":"Provides
        individual and family counseling in an attempt to divert juveniles from criminal
        activity.","transportation":"SAMTRANS stops within 1 block. BART stops within
        3/4 mile.","updated_at":"2013-11-07T12:47:12-08:00","urls":["http://youthservicebureaus.org"],"url":"http://ohanapi.herokuapp.com/api/locations/521d339f1974fcdb2b00269a","services":[{"_id":"521d33a01974fcdb2b0026aa","audience":"Children
        and youth age 18 or under and their families","eligibility":"Age 18 or under,
        living or attending school in area served","fees":"Vary according to income.
        Cash, checks and Medi-Cal accepted.","funding_sources":["City","County","Donations","Fees","Grants","School
        district"],"how_to_apply":"Walk in or apply by phone for an appointment. School-based
        services referred by school personnel, police departments and Diversion Services.","keywords":["CHILD
        PROTECTION AND CARE SERVICES","Crisis/Abuse Intervention/Hot","INDIVIDUAL
        AND FAMILY DEVELOPMENT SERVICES","Growth and Adjustment","LEGAL AND CRIMINAL
        JUSTICE SERVICES","Diversion","Juvenile Delinquency Prevent","Diversion Programs","Y
        Facilities","Youth"],"service_areas":["Brisbane","Millbrae","San Bruno","South
        San Francisco"],"updated_at":"2013-09-18T17:05:01-07:00","wait":"Varies.","categories":[{"_id":"52280f661edd37edff00004e","depth":0,"lft":155,"name":"Health","oe_id":"106","parent_id":null,"rgt":268},{"_id":"52280f681edd37edff00005c","depth":1,"lft":182,"name":"Health
        Education","oe_id":"106-04","parent_id":"52280f661edd37edff00004e","rgt":199},{"_id":"52280f681edd37edff00005d","depth":2,"lft":183,"name":"Daily
        Life Skills","oe_id":"106-04-01","parent_id":"52280f681edd37edff00005c","rgt":184},{"_id":"52280f681edd37edff000063","depth":2,"lft":195,"name":"Understand
        Disability","oe_id":"106-04-07","parent_id":"52280f681edd37edff00005c","rgt":196},{"_id":"52280f681edd37edff000064","depth":2,"lft":197,"name":"Understand
        Mental Health","oe_id":"106-04-08","parent_id":"52280f681edd37edff00005c","rgt":198},{"_id":"52280f7a1edd37edff000137","depth":0,"lft":621,"name":"Legal","oe_id":"111","parent_id":null,"rgt":654},{"_id":"52280f7a1edd37edff000138","depth":1,"lft":622,"name":"Advocacy
        & Legal Aid","oe_id":"111-01","parent_id":"52280f7a1edd37edff000137","rgt":645}]}],"organization":{"_id":"521d339f1974fcdb2b002699","_slugs":["youth-service-bureaus-of-the-ymca"],"created_at":"2013-08-27T16:17:51-07:00","name":"Youth
        Service Bureaus of the YMCA","updated_at":"2013-10-01T12:18:51-07:00","url":"http://ohanapi.herokuapp.com/api/organizations/521d339f1974fcdb2b002699","locations_url":"http://ohanapi.herokuapp.com/api/organizations/521d339f1974fcdb2b002699/locations"},"slugs":["south-san-francisco"],"id":"521d339f1974fcdb2b00269a","_score":null,"_type":"location","_index":"production-ohana_api","_version":null,"sort":[1377645471000],"highlight":null,"_explanation":null},{"_id":"521d339e1974fcdb2b002682","_slugs":["el-camino-branch"],"accessibility":["Wheelchair"],"address":{"city":"Mountain
        View","state":"CA","street":"2400 Grant Road","zip":"94040"},"coordinates":[-122.0787752,37.370588],"created_at":"2013-08-27T16:17:50-07:00","description":"Provides
        health and physical fitness programs and facilities, family programs, youth
        sports, aquatic programs, after-school childcare and a summer day camp. Senior
        programming is also available.","faxes":[{"number":"650 969-1053"}],"kind":"Sports","languages":["Spanish"],"mail_address":{"attention":"YMCA
        of Silicon Valley","city":"Mountain View","state":"CA","street":"2400 Grant
        Road","zip":"94040"},"name":"El Camino Branch","phones":[{"number":"650 969-9622","hours":"(Monday-Thursday,
        5:30 am-10 pm; Friday, 5:30 am-9 pm; Saturday, Sunday, 7-7)"}],"short_desc":"Health
        and physical fitness programs, sports and aquatics, child care and senior
        programs.","transportation":"VTA stops within 1 block.","updated_at":"2013-11-07T12:47:10-08:00","urls":["http://www.ymcasv.org"],"url":"http://ohanapi.herokuapp.com/api/locations/521d339e1974fcdb2b002682","services":[{"_id":"521d339f1974fcdb2b002696","eligibility":"None","fees":"Vary
        according to service. Cash, checks and credit cards accepted.","funding_sources":["Donations","Fees","Grants","Membership
        dues","United Way Silicon Valley"],"how_to_apply":"Walk in.","keywords":["RECREATION/LEISURE
        SERVICES","Camping","Sports/Games/Exercise","Y Facilities","leisure activities"],"service_areas":["Los
        Altos","Los Altos Hills","Mountain View"],"updated_at":"2013-09-18T17:09:47-07:00","wait":"No
        wait."}],"organization":{"_id":"521d339d1974fcdb2b00265f","_slugs":["ymca-of-silicon-valley"],"created_at":"2013-08-27T16:17:49-07:00","name":"YMCA
        of Silicon Valley","updated_at":"2013-10-01T12:18:44-07:00","url":"http://ohanapi.herokuapp.com/api/organizations/521d339d1974fcdb2b00265f","locations_url":"http://ohanapi.herokuapp.com/api/organizations/521d339d1974fcdb2b00265f/locations"},"slugs":["el-camino-branch"],"id":"521d339e1974fcdb2b002682","_score":null,"_type":"location","_index":"production-ohana_api","_version":null,"sort":[1377645470000],"highlight":null,"_explanation":null},{"_id":"521d339e1974fcdb2b002685","_slugs":["palo-alto-family-ymca"],"accessibility":["Wheelchair"],"address":{"city":"Palo
        Alto","state":"CA","street":"3412 Ross Road","zip":"94303"},"contacts":[{"_id":"521d339e1974fcdb2b002686","name":"Scott
        Glissmeyer","title":"Executive Director"},{"_id":"521d339e1974fcdb2b002687","name":"Lee
        Pfab","title":"Associate Executive Director"}],"coordinates":[-122.116555,37.428448],"created_at":"2013-08-27T16:17:50-07:00","description":"A
        full-service facility featuring a 25-yard lap pool, a recreational pool, and
        Wellness Center featuring the latest weight and fitness equipment. The Y provides
        over 150 land and aquatic-based group exercise classes each week, personalized
        training programs, youth sports leagues, adult drop-in sports, and social
        opportunities for youth, adults and families. Youth-based programs offer summer
        camps, youth sports, a teen center, drop-in KidZone, college prep programs,
        college scholarships, civic engagement and youth fitness programs. Financial
        aid and scholarships are available.","faxes":[{"number":"650 856-7783"}],"hours":"Monday-Thursday,
        6:30 am-9:45 pm; Friday, 6:30 am-7:45 pm; Saturday, 7-5:45; Sunday, 9-8:45
        pm","kind":"Other","languages":["Persian (Farsi)","Spanish","Chinese (Mandarin)","Russian"],"mail_address":{"attention":"YMCA
        of Silicon Valley","city":"Palo Alto","state":"CA","street":"3412 Ross Road","zip":"94303"},"name":"Palo
        Alto Family YMCA","phones":[{"number":"650 856-9622","hours":"(Monday-Thursday,
        6:30 am-10 pm; Friday, 6:30 am-8 pm; Saturday, 7-6; Sunday, 9-9)"}],"short_desc":"Provides
        health and fitness classes, residential and day camp programs, and extended
        day care for children enrolled in camp.","transportation":"VTA stops within
        4 blocks.","updated_at":"2013-11-07T12:47:11-08:00","urls":["http://www.ymcasv.org"],"url":"http://ohanapi.herokuapp.com/api/locations/521d339e1974fcdb2b002685","services":[{"_id":"521d339f1974fcdb2b002697","audience":"Youth,
        adults, families","eligibility":"None","fees":"Fixed fee. Financial aid available.
        Cash, checks and credit cards accepted.","funding_sources":["Donations","Fees","Grants","Membership
        dues","United Way Silicon Valley"],"how_to_apply":"Walk in or apply by phone.","keywords":["HEALTH
        SERVICES","Education/Information","RECREATION/LEISURE SERVICES","Camping","Camperships","Parks/Playground","Sports/Games/Exercise","Y
        Facilities"],"service_areas":["Atherton","East Palo Alto","Los Altos","Los
        Altos Hills","Menlo Park","Mountain View","Palo Alto","Portola Valley","Redwood
        City","Stanford","Sunnyvale","Woodside"],"updated_at":"2013-09-18T17:11:41-07:00","wait":"Varies.
        Some programs have scheduled starting dates.","categories":[{"_id":"52280f661edd37edff00004e","depth":0,"lft":155,"name":"Health","oe_id":"106","parent_id":null,"rgt":268},{"_id":"52280f681edd37edff00005c","depth":1,"lft":182,"name":"Health
        Education","oe_id":"106-04","parent_id":"52280f661edd37edff00004e","rgt":199},{"_id":"52280f681edd37edff00005d","depth":2,"lft":183,"name":"Daily
        Life Skills","oe_id":"106-04-01","parent_id":"52280f681edd37edff00005c","rgt":184},{"_id":"52280f711edd37edff0000c4","depth":0,"lft":391,"name":"Care","oe_id":"108","parent_id":null,"rgt":488},{"_id":"52280f721edd37edff0000cb","depth":1,"lft":404,"name":"Daytime
        Care","oe_id":"108-03","parent_id":"52280f711edd37edff0000c4","rgt":427},{"_id":"52280f721edd37edff0000d3","depth":2,"lft":419,"name":"Day
        Camp","oe_id":"108-03-04","parent_id":"52280f721edd37edff0000cb","rgt":420}]}],"organization":{"_id":"521d339d1974fcdb2b00265f","_slugs":["ymca-of-silicon-valley"],"created_at":"2013-08-27T16:17:49-07:00","name":"YMCA
        of Silicon Valley","updated_at":"2013-10-01T12:18:44-07:00","url":"http://ohanapi.herokuapp.com/api/organizations/521d339d1974fcdb2b00265f","locations_url":"http://ohanapi.herokuapp.com/api/organizations/521d339d1974fcdb2b00265f/locations"},"slugs":["palo-alto-family-ymca"],"id":"521d339e1974fcdb2b002685","_score":null,"_type":"location","_index":"production-ohana_api","_version":null,"sort":[1377645470000],"highlight":null,"_explanation":null},{"_id":"521d339e1974fcdb2b00268a","_slugs":["east-palo-alto-family-ymca"],"accessibility":["Elevator","Wheelchair"],"address":{"city":"East
        Palo Alto","state":"CA","street":"550 Bell Street","zip":"94303"},"contacts":[{"_id":"521d339e1974fcdb2b00268b","name":"Robert
        Hughes","title":"Executive Director"}],"coordinates":[-122.1425461,37.4656323],"created_at":"2013-08-27T16:17:50-07:00","description":"Provides
        social, recreational and health and fitness services for persons of all ages.
        Swimming lessons and aquatic exercise are offered in an outdoor pool (seasonal).
        Day camp for children (seasonal), youth basketball, youth soccer, kids'' club,
        Childwatch, climbing walls and teen social center are also offered.","faxes":[{"number":"650
        687-5380"}],"hours":"Monday-Thursday, 6 am-9:30 pm; Friday, 6 am-8 pm; Saturday,
        7 am-5 pm","kind":"Sports","languages":["Spanish"],"mail_address":{"attention":"East
        Palo Alto Family YMCA","city":"East Palo Alto","state":"CA","street":"550
        Bell Street","zip":"94303"},"name":"East Palo Alto Family YMCA","phones":[{"number":"650
        328-9622","hours":"(Monday-Friday 9-6)"}],"short_desc":"Provides social, recreational
        and health and fitness services for persons of all ages.","transportation":"SAMTRANS
        stops within 4 blocks.","updated_at":"2013-11-07T12:47:11-08:00","urls":["http://www.ymcasv.org"],"url":"http://ohanapi.herokuapp.com/api/locations/521d339e1974fcdb2b00268a","services":[{"_id":"521d339f1974fcdb2b002698","eligibility":"None","fees":"Vary
        according to service. Financial assistance available for membership and programs.
        Cash, checks and credit cards accepted.","funding_sources":["Donations","Fees","Grants"],"how_to_apply":"Walk
        in or call for information or email.","keywords":["RECREATION/LEISURE SERVICES","Camping","Parks/Playground","Sports/Games/Exercise","Y
        Facilities","Youth","leisure activities"],"service_areas":["East Palo Alto","Menlo
        Park"],"updated_at":"2013-09-18T17:08:41-07:00","wait":"No wait for most programs.","categories":[{"_id":"52280f711edd37edff0000c4","depth":0,"lft":391,"name":"Care","oe_id":"108","parent_id":null,"rgt":488},{"_id":"52280f721edd37edff0000cb","depth":1,"lft":404,"name":"Daytime
        Care","oe_id":"108-03","parent_id":"52280f711edd37edff0000c4","rgt":427},{"_id":"52280f721edd37edff0000d3","depth":2,"lft":419,"name":"Day
        Camp","oe_id":"108-03-04","parent_id":"52280f721edd37edff0000cb","rgt":420},{"_id":"52280f721edd37edff0000d5","depth":2,"lft":423,"name":"Recreation","oe_id":"108-03-06","parent_id":"52280f721edd37edff0000cb","rgt":424}]}],"organization":{"_id":"521d339d1974fcdb2b00265f","_slugs":["ymca-of-silicon-valley"],"created_at":"2013-08-27T16:17:49-07:00","name":"YMCA
        of Silicon Valley","updated_at":"2013-10-01T12:18:44-07:00","url":"http://ohanapi.herokuapp.com/api/organizations/521d339d1974fcdb2b00265f","locations_url":"http://ohanapi.herokuapp.com/api/organizations/521d339d1974fcdb2b00265f/locations"},"slugs":["east-palo-alto-family-ymca"],"id":"521d339e1974fcdb2b00268a","_score":null,"_type":"location","_index":"production-ohana_api","_version":null,"sort":[1377645470000],"highlight":null,"_explanation":null},{"_id":"521d339d1974fcdb2b002651","_slugs":["association-office"],"accessibility":["Wheelchair"],"address":{"city":"San
        Francisco","state":"CA","street":"631 Howard Street, Suite 500","zip":"94105"},"contacts":[{"_id":"521d339d1974fcdb2b002652","name":"Charles
        M. Collins","title":"President/CEO"}],"coordinates":[-122.398881,37.786148],"created_at":"2013-08-27T16:17:49-07:00","description":"Administers
        all the programs and services of the 15 YMCA branch sites. The YMCA provides
        a variety of services to improve existing problems in the community. These
        include health, exercise and fitness, recreation, guidance and counseling
        including mentoring, youth development, parent education, neighborhood and
        community development, day and resident camps, YMCA Camp Jones Gulch overnight
        camp in La Honda (described separately), swimming and aquatics, licensed child
        care and senior centers. See branch office descriptions for specific programs.","emails":["info@ymcasf.org"],"faxes":[{"number":"415
        777-6915"}],"hours":"Vary","kind":"Other","mail_address":{"attention":"Association
        Office","city":"San Francisco","state":"CA","street":"631 Howard Street, Suite
        500","zip":"94105"},"name":"Association Office","phones":[{"number":"415 777-9622","hours":"(Monday-Friday,
        8:30-5:30)"}],"short_desc":"Administers all the programs and services of the
        YMCA branch sites.","transportation":"Varies according to location.","updated_at":"2013-11-07T12:45:00-08:00","urls":["http://www.ymcasf.org"],"url":"http://ohanapi.herokuapp.com/api/locations/521d339d1974fcdb2b002651","services":[{"_id":"521d339d1974fcdb2b00265d","audience":"Focus
        is on programs/services for youth and teens but the YMCA is open to all","eligibility":"None","fees":"Vary
        according to service. Limited financial assistance available. Cash, checks
        and credit cards accepted.","funding_sources":["City","Donations","Fees","Grants","Membership
        dues","United Way"],"how_to_apply":"Apply by phone or walk in at closest branch
        site (see phone book for locations).","keywords":["ADMINISTRATION AND PLANNING
        SERVICES","Administration and Planning","RECREATION/LEISURE SERVICES","Camping","Parks/Playground","Y
        Facilities"],"service_areas":["Marin County","Napa County","San Francisco
        County","San Mateo County","Solano County"],"updated_at":"2013-08-27T16:17:49-07:00","wait":"Varies."}],"organization":{"_id":"521d339c1974fcdb2b002648","_slugs":["ymca-of-san-francisco"],"created_at":"2013-08-27T16:17:48-07:00","name":"YMCA
        of San Francisco","updated_at":"2013-10-01T12:18:42-07:00","url":"http://ohanapi.herokuapp.com/api/organizations/521d339c1974fcdb2b002648","locations_url":"http://ohanapi.herokuapp.com/api/organizations/521d339c1974fcdb2b002648/locations"},"slugs":["association-office"],"id":"521d339d1974fcdb2b002651","_score":null,"_type":"location","_index":"production-ohana_api","_version":null,"sort":[1377645469000],"highlight":null,"_explanation":null},{"_id":"521d339d1974fcdb2b002655","_slugs":["stonestown-family-ymca"],"accessibility":["Ramp","Disabled
        Restroom","Disabled Parking","Wheelchair"],"address":{"city":"San Francisco","state":"CA","street":"333
        Eucalyptus Drive","zip":"94132"},"ask_for":["Receptionist"],"contacts":[{"_id":"521d339d1974fcdb2b002656","name":"Charlotte
        Durnin","title":"Executive Director"},{"_id":"521d339d1974fcdb2b002657","name":"Rachel
        DelMonte","title":"Associate Executive Director"},{"_id":"521d339d1974fcdb2b002658","name":"Erin
        Reedy","title":"Associate Executive Director"}],"coordinates":[-122.4766884,37.730927],"created_at":"2013-08-27T16:17:49-07:00","description":"Offers
        licensed elementary school-age childcare at several sites, preschool, youth
        activities, residential camp, day camp and special interest activities including
        programming for children of single parents and family nights. Also offers
        mentoring, counseling and tutoring services.   The Seniors Drop-In Center
        provides information and referral, recreational and cultural activities, health
        screening, blood pressure check-ups, adaptive exercise for stroke survivors,
        travel program, annual tax preparation assistance, Christmas Day party and
        companionship for single seniors, and hot lunch served weekdays at 11:45 am.
        The Senior Program is at 3150 - 20th Avenue, San Francisco. The branch is
        also a full facility fitness center with an approach to total wellness offering
        aerobics, swimming, youth sports, stretching and toning, strength training,
        basketball, martial arts, yoga, tai chi, water aerobics, pilates, dance, youth
        dance and soccer. Childcare is available for parents while they workout.","faxes":[{"number":"415
        759-9630"}],"hours":"Monday-Friday, 5 am-10 pm; Saturday, Sunday 7 am-8 pm;
        Senior Program, Monday-Friday, 7:30-3:30","kind":"Other","languages":["Chinese
        (Mandarin)","Russian","Spanish"],"mail_address":{"attention":"Stonestown Family
        YMCA","city":"San Francisco","state":"CA","street":"333 Eucalyptus Drive","zip":"94132"},"name":"Stonestown
        Family YMCA","phones":[{"number":"415 242-7100","hours":"(Monday-Friday, 5
        am-10 pm; Saturday, Sunday, 7 am-8 pm)"}],"short_desc":"Athletic/fitness programs
        for youth/adults, drop-in senior center, meal site, day camp, after school
        care for children.","transportation":"MUNI - 17 Parkmerced, 28 Nineteenth
        Avenue, K Ingleside, M Oceanview, 29 Sunset, 18 46th Avenue.","updated_at":"2013-11-07T12:44:54-08:00","urls":["http://www.ymcasf.org"],"url":"http://ohanapi.herokuapp.com/api/locations/521d339d1974fcdb2b002655","services":[{"_id":"521d339d1974fcdb2b00265e","audience":"Adults,
        seniors, families, teens","eligibility":"None","fees":"Vary according to income
        and service. Cash and credit cards accepted.","funding_sources":["Donations","Fees","Grants"],"how_to_apply":"Walk
        in or apply by phone.","keywords":["ADULT PROTECTION AND CARE SERVICES","Meal
        Sites/Home-delivered Mea","CHILD PROTECTION AND CARE SERVICES","Day Care","HEALTH
        SERVICES","Screening/Immunization","INDIVIDUAL AND FAMILY DEVELOPMENT SERVICES","Companion","Growth
        and Adjustment","RECREATION/LEISURE SERVICES","Camping","Parks/Playground","Sports/Games/Exercise","Y
        Facilities"],"service_areas":["San Francisco County","Colma","Daly City","Pacifica"],"updated_at":"2013-09-18T17:13:46-07:00","wait":"No
        wait.","categories":[{"_id":"52280f661edd37edff00004e","depth":0,"lft":155,"name":"Health","oe_id":"106","parent_id":null,"rgt":268},{"_id":"52280f681edd37edff00005c","depth":1,"lft":182,"name":"Health
        Education","oe_id":"106-04","parent_id":"52280f661edd37edff00004e","rgt":199},{"_id":"52280f681edd37edff00005d","depth":2,"lft":183,"name":"Daily
        Life Skills","oe_id":"106-04-01","parent_id":"52280f681edd37edff00005c","rgt":184},{"_id":"52280f711edd37edff0000c4","depth":0,"lft":391,"name":"Care","oe_id":"108","parent_id":null,"rgt":488},{"_id":"52280f721edd37edff0000cb","depth":1,"lft":404,"name":"Daytime
        Care","oe_id":"108-03","parent_id":"52280f711edd37edff0000c4","rgt":427},{"_id":"52280f721edd37edff0000d5","depth":2,"lft":423,"name":"Recreation","oe_id":"108-03-06","parent_id":"52280f721edd37edff0000cb","rgt":424}]}],"organization":{"_id":"521d339c1974fcdb2b002648","_slugs":["ymca-of-san-francisco"],"created_at":"2013-08-27T16:17:48-07:00","name":"YMCA
        of San Francisco","updated_at":"2013-10-01T12:18:42-07:00","url":"http://ohanapi.herokuapp.com/api/organizations/521d339c1974fcdb2b002648","locations_url":"http://ohanapi.herokuapp.com/api/organizations/521d339c1974fcdb2b002648/locations"},"slugs":["stonestown-family-ymca"],"id":"521d339d1974fcdb2b002655","_score":null,"_type":"location","_index":"production-ohana_api","_version":null,"sort":[1377645469000],"highlight":null,"_explanation":null}]'
    http_version: 
  recorded_at: Tue, 12 Nov 2013 07:30:20 GMT
recorded_with: VCR 2.5.0
