---
http_interactions:
- request:
    method: get
    uri: http://smc-ohana-api-test.herokuapp.com/api/search?action=index&controller=organizations
    body:
      encoding: US-ASCII
      string: ''
    headers:
      Accept:
      - application/vnd.ohanapi-v1+json
      User-Agent:
      - Ohanakapa Ruby Gem 1.1.1
      Accept-Encoding:
      - gzip;q=1.0,deflate;q=0.6,identity;q=0.3
  response:
    status:
      code: 200
      message: OK
    headers:
      Server:
      - Cowboy
      Connection:
      - keep-alive
      Date:
      - Tue, 12 Aug 2014 07:27:35 GMT
      Status:
      - 200 OK
      Link:
      - <http://smc-ohana-api-test.herokuapp.com/api/search?action=index&controller=organizations&page=12&per_page=30>;
        rel="last", <http://smc-ohana-api-test.herokuapp.com/api/search?action=index&controller=organizations&page=2&per_page=30>;
        rel="next"
      X-Total-Count:
      - '339'
      X-Total-Pages:
      - '12'
      X-Current-Page:
      - '1'
      X-Next-Page:
      - '2'
      Content-Type:
      - application/json
      Content-Length:
      - '55202'
      Etag:
      - '"d2fc200ca212d9b1e3ada01c430186d8"'
      Cache-Control:
      - max-age=0, private, must-revalidate
      X-Request-Id:
      - 870384fe-ca7a-4d4e-81e6-7016a623c32c
      X-Runtime:
      - '1.008118'
      Via:
      - 1.1 vegur
    body:
      encoding: UTF-8
      string: '[{"id":1713,"accessibility":["Disabled Parking","Ramp","Disabled Restroom","TTY","Wheelchair","Wheelchair-accessible
        van"],"address":{"id":1436,"street":"2500 Middlefield Rd.","city":"Redwood
        City","state":"CA","zip":"94063"},"coordinates":[-122.2141324,37.4773738],"description":"Provides
        social services eligibility determination and assistance for Health Coverage,
        CalFresh, CalWORKs and General Assistance and Children and Family Services.","faxes":[{"id":1096,"number":"650
        364-5684"}],"hours":"Monday-Friday, 8:00am-5:00pm; 24 hours a day, call 1-800-223-8383
        for case status; 24 hours a day, call (650) 802-7922 to report child abuse","kind":"Human
        Services","latitude":37.4773738,"longitude":-122.2141324,"mail_address":{"id":1689,"attention":"","street":"2500
        Middlefield Rd.","city":"Redwood City","state":"CA","zip":"94063"},"name":"Redwood
        City Office","phones":[{"id":2470,"department":"Economic Self-Sufficiency","number":"800-223-8383"},{"id":2471,"department":"Children
        and Family Services","number":"650-802-7922"}],"short_desc":"Provides social
        services eligibility determination and assistance for Health Coverage, CalFresh,
        CalWORKs and General Assistance and Children and Family Services.","slug":"redwood-city-office-2500-middlefield-rd","slugs":["redwood-city-office-2500-middlefield-rd"],"transportation":"SamTrans
        stops in front on the building, and CalTrain is located within one mile of
        the office location.","updated_at":"2014-05-24T14:08:31.443-07:00","urls":["http://www.smchsa.org"],"url":"http://smc-ohana-api-test.herokuapp.com/api/locations/1713","services":[{"id":1695,"audience":"San
        Mateo County residents seeking social service assistance.","description":"Provides
        social services eligibility determination and assistance for Health Coverage,
        CalFresh, CalWORKs and General Assistance and Children and Family Services.","eligibility":"Determined
        based on eligibility regulations and unique family or individual household
        composition and resource levels.","fees":"None.","keywords":["Health Insurance","Food","Cash
        Aid","Welfare","Obamacare","Medical Assistance","Social Services"],"categories":[{"id":17,"depth":0,"oe_id":"102","name":"Food","parent_id":null,"slug":"food"},{"id":135,"depth":0,"oe_id":"107","name":"Money","parent_id":null,"slug":"money"},{"id":176,"depth":1,"oe_id":"107-03","name":"Government
        Benefits","parent_id":135,"slug":"government-benefits"},{"id":178,"depth":2,"oe_id":"107-03-02","name":"Food
        Benefits","parent_id":176,"slug":"food-benefits-107-03-02"},{"id":196,"depth":0,"oe_id":"108","name":"Care","parent_id":null,"slug":"care"},{"id":220,"depth":1,"oe_id":"108-05","name":"Navigating
        the System","parent_id":196,"slug":"navigating-the-system"},{"id":221,"depth":2,"oe_id":"108-05-01","name":"Help
        Fill out Forms","parent_id":220,"slug":"help-fill-out-forms"},{"id":292,"depth":0,"oe_id":"110","name":"Work","parent_id":null,"slug":"work"},{"id":293,"depth":1,"oe_id":"110-01","name":"Help
        Find Work","parent_id":292,"slug":"help-find-work-110-01"}],"how_to_apply":"There
        are four ways to apply for social services: 1) Mail: Request an application
        by phone by calling the Human Services Agency at 1-800-223-8383 or pick one
        up at any Human Services Agency office. 2) Website:  Complete and submit an
        application online at www.mybenefitscalwin.org or www.coveredca.com 3) Call
        the Human Services Agency at 800-223-8383 to speak to a representative who
        can answer your questions or help you apply by phone. 4) In person:  Visit
        one of the Human Services Agency offices to apply in person or pick up an
        application.  View all our centers here: http://www.smc-connect.org/organizations?org_name=San+Mateo+County+Human+Services+Agency","service_areas":["San
        Mateo County"],"wait":"Based on method of application and daily customer volume.
        Our goal is to serve all residents with the best and fastest service to meet
        their needs.","updated_at":"2014-05-24T14:08:00.352-07:00"}],"organization":{"id":1310,"name":"San
        Mateo County Human Services Agency","slug":"san-mateo-county-human-services-agency","slugs":["san-mateo-county-human-services-agency"],"_slugs":["san-mateo-county-human-services-agency"],"url":"http://smc-ohana-api-test.herokuapp.com/api/organizations/1310","locations_url":"http://smc-ohana-api-test.herokuapp.com/api/organizations/1310/locations"}},{"id":1710,"address":{"id":1434,"street":"748
        Tennis Dr","city":"South San Francisco","state":"CA","zip":"94080"},"coordinates":[-122.4253156,37.6552314],"hours":"May
        - October Saturday 10:00 AM to 2:00 PM","kind":"Farmers'' Markets","latitude":37.6552314,"longitude":-122.4253156,"market_match":true,"name":"South
        San Francisco Farmers Market","payments":["WIC","SFMNP","SNAP"],"products":["Baked
        Goods","Flowers","Herbs","Vegetables","Jams","Nuts","Prepared Food"],"slug":"south-san-francisco-farmers-market","slugs":["south-san-francisco-farmers-market"],"updated_at":"2014-05-24T14:06:56.906-07:00","urls":["http://pcfma.com/market_home.php?market_id=37"],"url":"http://smc-ohana-api-test.herokuapp.com/api/locations/1710","organization":{"id":1365,"name":"South
        San Francisco Farmers Market","slug":"south-san-francisco-farmers-market","slugs":["south-san-francisco-farmers-market"],"_slugs":["south-san-francisco-farmers-market"],"url":"http://smc-ohana-api-test.herokuapp.com/api/organizations/1365","locations_url":"http://smc-ohana-api-test.herokuapp.com/api/organizations/1365/locations"}},{"id":1709,"address":{"id":1433,"street":"West
        Valley College, 14000 Fruitvale Avenue","city":"Saratoga","state":"CA","zip":"95070"},"coordinates":[-122.0111089,37.2654921],"hours":"January
        - December Saturday 9:00 AM to 1:00 PM","kind":"Farmers'' Markets","latitude":37.2654921,"longitude":-122.0111089,"market_match":false,"name":"Saratoga
        Farmers'' Market","payments":["WIC","SFMNP"],"products":["Baked Goods","Cheese","Flowers","Eggs","Seafood","Herbs","Vegetables","Honey","Jams","Nursery","Nuts","Plants","Poultry","Prepared
        Food","Soap"],"slug":"saratoga-farmers-market","slugs":["saratoga-farmers-market"],"updated_at":"2014-05-24T14:06:56.877-07:00","urls":["http://cafarmersmkts.com/markets/category/saratoga"],"url":"http://smc-ohana-api-test.herokuapp.com/api/locations/1709","organization":{"id":1364,"name":"Saratoga
        Farmers'' Market","slug":"saratoga-farmers-market","slugs":["saratoga-farmers-market"],"_slugs":["saratoga-farmers-market"],"url":"http://smc-ohana-api-test.herokuapp.com/api/organizations/1364","locations_url":"http://smc-ohana-api-test.herokuapp.com/api/organizations/1364/locations"}},{"id":1708,"address":{"id":1432,"street":"1700
        West Hillsdale Boulevard","city":"San Mateo","state":"CA","zip":"94401"},"coordinates":[-122.335123,37.5350511],"hours":"January
        - December Saturday 9:00 AM to 1:00 PM","kind":"Farmers'' Markets","latitude":37.5350511,"longitude":-122.335123,"market_match":true,"name":"San
        Mateo Farmers'' Market","payments":["Credit","WIC","SFMNP","SNAP"],"products":["Baked
        Goods","Cheese","Crafts","Flowers","Eggs","Seafood","Herbs","Vegetables","Honey","Jams","Meat","Nursery","Nuts","Plants","Poultry","Prepared
        Food","Soap","Wine"],"slug":"san-mateo-farmers-market","slugs":["san-mateo-farmers-market"],"updated_at":"2014-05-24T14:06:56.846-07:00","urls":["http://www.pcfma.com/sanmateo"],"url":"http://smc-ohana-api-test.herokuapp.com/api/locations/1708","organization":{"id":1363,"name":"San
        Mateo Farmers'' Market","slug":"san-mateo-farmers-market","slugs":["san-mateo-farmers-market"],"_slugs":["san-mateo-farmers-market"],"url":"http://smc-ohana-api-test.herokuapp.com/api/organizations/1363","locations_url":"http://smc-ohana-api-test.herokuapp.com/api/organizations/1363/locations"}},{"id":1707,"address":{"id":1431,"street":"850
        Winslow Street","city":"Redwood City","state":"CA","zip":"94063"},"coordinates":[-122.2300105,37.4854442],"hours":"April
        - November Saturday 8:00 AM to 12:00 PM","kind":"Farmers'' Markets","latitude":37.4854442,"longitude":-122.2300105,"market_match":false,"name":"Redwood
        City Kiwanis Farmers Market","payments":["WICcash"],"products":["Baked Goods","Crafts","Flowers","Eggs","Seafood","Vegetables","Honey","Nuts"],"slug":"redwood-city-kiwanis-farmers-market-850-winslow-street","slugs":["redwood-city-kiwanis-farmers-market-850-winslow-street"],"updated_at":"2014-05-24T14:06:56.810-07:00","urls":["http://www.rwcfm.org"],"url":"http://smc-ohana-api-test.herokuapp.com/api/locations/1707","organization":{"id":1362,"name":"Redwood
        City Kiwanis Farmers Market","slug":"redwood-city-kiwanis-farmers-market-5b71d713-b60b-4469-97bd-5098face4a44","slugs":["redwood-city-kiwanis-farmers-market-5b71d713-b60b-4469-97bd-5098face4a44"],"_slugs":["redwood-city-kiwanis-farmers-market-5b71d713-b60b-4469-97bd-5098face4a44"],"url":"http://smc-ohana-api-test.herokuapp.com/api/organizations/1362","locations_url":"http://smc-ohana-api-test.herokuapp.com/api/organizations/1362/locations"}},{"id":1706,"address":{"id":1430,"street":"800
        Foster City Blvd.","city":"Foster City","state":"CA","zip":"94404"},"coordinates":[-122.2671307,37.5578841],"hours":"May
        - October Wednesday 9:00 AM to 1:00 PM","kind":"Farmers'' Markets","latitude":37.5578841,"longitude":-122.2671307,"market_match":false,"name":"PJCC
        Farmers'' Market at Foster City","payments":["WIC","WICcash","SFMNP","SNAP"],"products":["Vegetables","Plants"],"slug":"pjcc-farmers-market-at-foster-city","slugs":["pjcc-farmers-market-at-foster-city"],"updated_at":"2014-05-24T14:06:56.776-07:00","urls":["http://www.urbantable.org"],"url":"http://smc-ohana-api-test.herokuapp.com/api/locations/1706","organization":{"id":1361,"name":"PJCC
        Farmers'' Market at Foster City","slug":"pjcc-farmers-market-at-foster-city","slugs":["pjcc-farmers-market-at-foster-city"],"_slugs":["pjcc-farmers-market-at-foster-city"],"url":"http://smc-ohana-api-test.herokuapp.com/api/organizations/1361","locations_url":"http://smc-ohana-api-test.herokuapp.com/api/organizations/1361/locations"}},{"id":1705,"address":{"id":1429,"street":"8875
        La Honda Road","city":"La Honda","state":"CA","zip":"94020"},"coordinates":[-122.2743951,37.3180168],"hours":"May
        - November Tuesday 3:00 PM to 7:00 PM","kind":"Farmers'' Markets","latitude":37.3180168,"longitude":-122.2743951,"market_match":false,"name":"Pescadero
        Grown","payments":["Credit","WIC","SFMNP","SNAP"],"products":["Cheese","Flowers","Eggs","Seafood","Herbs","Vegetables","Jams","Meat","Nursery","Plants","Poultry"],"slug":"pescadero-grown","slugs":["pescadero-grown"],"updated_at":"2014-05-29T12:29:53.065-07:00","urls":["http://Www.pescaderogrown.org"],"url":"http://smc-ohana-api-test.herokuapp.com/api/locations/1705","organization":{"id":1360,"name":"Pescadero
        Grown","slug":"pescadero-grown","slugs":["pescadero-grown"],"_slugs":["pescadero-grown"],"url":"http://smc-ohana-api-test.herokuapp.com/api/organizations/1360","locations_url":"http://smc-ohana-api-test.herokuapp.com/api/organizations/1360/locations"}},{"id":1704,"address":{"id":1428,"street":"200
        Broadway","city":"Millbrae","state":"CA","zip":"94030"},"coordinates":[-122.3905851,37.5999172],"hours":"January
        - December Saturday 8:00 am to 1:00 pm","kind":"Farmers'' Markets","latitude":37.5999172,"longitude":-122.3905851,"market_match":false,"name":"Millbrae
        Farmers Market","payments":["WIC","SFMNP"],"products":["Baked Goods","Flowers","Seafood","Herbs","Vegetables","Honey","Nuts","Plants"],"slug":"millbrae-farmers-market","slugs":["millbrae-farmers-market"],"updated_at":"2014-05-24T14:06:56.717-07:00","urls":["http://www.millbrae.com"],"url":"http://smc-ohana-api-test.herokuapp.com/api/locations/1704","organization":{"id":1359,"name":"Millbrae
        Farmers Market","slug":"millbrae-farmers-market","slugs":["millbrae-farmers-market"],"_slugs":["millbrae-farmers-market"],"url":"http://smc-ohana-api-test.herokuapp.com/api/organizations/1359","locations_url":"http://smc-ohana-api-test.herokuapp.com/api/organizations/1359/locations"}},{"id":1703,"address":{"id":1427,"street":"Chestnut
        \u0026 Menlo Avenues","city":"Menlo Park","state":"CA","zip":"94025"},"coordinates":[-122.1834629,37.450915],"hours":"January
        - December Sunday 9:00 AM to 1:00 PM, (Open on all holidays that fall on Sundays,
        except Christmas)","kind":"Farmers'' Markets","latitude":37.450915,"longitude":-122.1834629,"market_match":false,"name":"Menlo
        Park Farmers'' Market","payments":["Credit"],"products":["Baked Goods","Flowers","Eggs","Seafood","Herbs","Vegetables","Honey","Jams","Meat","Nursery","Nuts","Plants","Poultry","Soap"],"slug":"menlo-park-farmers-market","slugs":["menlo-park-farmers-market"],"updated_at":"2014-05-24T14:06:56.681-07:00","urls":["http://localharvest.org"],"url":"http://smc-ohana-api-test.herokuapp.com/api/locations/1703","organization":{"id":1358,"name":"Menlo
        Park Farmers'' Market","slug":"menlo-park-farmers-market","slugs":["menlo-park-farmers-market"],"_slugs":["menlo-park-farmers-market"],"url":"http://smc-ohana-api-test.herokuapp.com/api/organizations/1358","locations_url":"http://smc-ohana-api-test.herokuapp.com/api/organizations/1358/locations"}},{"id":1702,"address":{"id":1426,"street":"State
        Street and Second Street","city":"Los Altos","state":"CA","zip":"94022"},"coordinates":[-122.1173552,37.3791761],"hours":"May
        - September Thursday 4:00 PM to 8:00 PM","kind":"Farmers'' Markets","latitude":37.3791761,"longitude":-122.1173552,"market_match":false,"name":"Los
        Altos Farmers Market","payments":["WIC","SFMNP","SNAP"],"products":["Baked
        Goods","Flowers","Eggs","Herbs","Vegetables","Jams","Meat","Nuts","Prepared
        Food","Soap"],"slug":"los-altos-farmers-market","slugs":["los-altos-farmers-market"],"updated_at":"2014-05-24T14:06:56.645-07:00","urls":["http://cafarmersmkts.com/markets/category/los-altos-farmers-market"],"url":"http://smc-ohana-api-test.herokuapp.com/api/locations/1702","organization":{"id":1357,"name":"Los
        Altos Farmers Market","slug":"los-altos-farmers-market","slugs":["los-altos-farmers-market"],"_slugs":["los-altos-farmers-market"],"url":"http://smc-ohana-api-test.herokuapp.com/api/organizations/1357","locations_url":"http://smc-ohana-api-test.herokuapp.com/api/organizations/1357/locations"}},{"id":1701,"address":{"id":1425,"street":"1200
        El Camino Real","city":"South San Francisco","state":"CA","zip":"94080"},"coordinates":[-122.4393303,37.6591467],"hours":"May
        7 - October 15 Tuesday 10:00 AM to 2:00 PM","kind":"Farmers'' Markets","latitude":37.6591467,"longitude":-122.4393303,"market_match":true,"name":"Kaiser
        Permanente South San Francisco Farmers'' Market","payments":["WIC","SFMNP","SNAP"],"products":["Baked
        Goods","Flowers","Vegetables","Prepared Food"],"slug":"kaiser-permanente-south-san-francisco-farmers-market","slugs":["kaiser-permanente-south-san-francisco-farmers-market"],"updated_at":"2014-05-24T14:06:56.610-07:00","urls":["http://www.pcfma.com/market_home.php?market_id=26"],"url":"http://smc-ohana-api-test.herokuapp.com/api/locations/1701","organization":{"id":1356,"name":"Kaiser
        Permanente South San Francisco Farmers'' Market","slug":"kaiser-permanente-south-san-francisco-farmers-market","slugs":["kaiser-permanente-south-san-francisco-farmers-market"],"_slugs":["kaiser-permanente-south-san-francisco-farmers-market"],"url":"http://smc-ohana-api-test.herokuapp.com/api/organizations/1356","locations_url":"http://smc-ohana-api-test.herokuapp.com/api/organizations/1356/locations"}},{"id":1700,"address":{"id":1424,"street":"1150
        Veterans Blvd.","city":"Redwood City","state":"CA","zip":"94063"},"coordinates":[-122.2232169,37.4889742],"hours":"May
        1 - September 25 Wednesday 10:00 AM to 2:00 PM","kind":"Farmers'' Markets","latitude":37.4889742,"longitude":-122.2232169,"market_match":false,"name":"Kaiser
        Permanente Redwood City Farmers'' Market","payments":["WIC","SFMNP","SNAP"],"products":["Vegetables"],"slug":"kaiser-permanente-redwood-city-farmers-market","slugs":["kaiser-permanente-redwood-city-farmers-market"],"updated_at":"2014-05-24T14:06:56.571-07:00","urls":["http://www.pcfma.com/market_home.php?market_id=39"],"url":"http://smc-ohana-api-test.herokuapp.com/api/locations/1700","organization":{"id":1355,"name":"Kaiser
        Permanente Redwood City Farmers'' Market","slug":"kaiser-permanente-redwood-city-farmers-market","slugs":["kaiser-permanente-redwood-city-farmers-market"],"_slugs":["kaiser-permanente-redwood-city-farmers-market"],"url":"http://smc-ohana-api-test.herokuapp.com/api/organizations/1355","locations_url":"http://smc-ohana-api-test.herokuapp.com/api/organizations/1355/locations"}},{"id":1699,"address":{"id":1423,"street":"700
        Block, Laurel Street","city":"San Carlos","state":"CA","zip":"94070"},"coordinates":[-122.259756,37.5048839],"hours":"May
        2 - September 12 Thursday 4:00 PM to 8:00 PM","kind":"Farmers'' Markets","latitude":37.5048839,"longitude":-122.259756,"market_match":false,"name":"Hot
        Harvest Nights San Carlos Farmers'' Market","products":["Baked Goods","Flowers","Seafood","Vegetables","Prepared
        Food"],"slug":"hot-harvest-nights-san-carlos-farmers-market","slugs":["hot-harvest-nights-san-carlos-farmers-market"],"updated_at":"2014-05-24T14:06:56.540-07:00","urls":["https://www.sancarloschamber.org/textpages/farmers_market.aspx"],"url":"http://smc-ohana-api-test.herokuapp.com/api/locations/1699","organization":{"id":1354,"name":"Hot
        Harvest Nights San Carlos Farmers'' Market","slug":"hot-harvest-nights-san-carlos-farmers-market","slugs":["hot-harvest-nights-san-carlos-farmers-market"],"_slugs":["hot-harvest-nights-san-carlos-farmers-market"],"url":"http://smc-ohana-api-test.herokuapp.com/api/organizations/1354","locations_url":"http://smc-ohana-api-test.herokuapp.com/api/organizations/1354/locations"}},{"id":1698,"address":{"id":1422,"street":"1798-A
        Bay Road","city":"East Palo Alto","state":"CA","zip":"94303"},"coordinates":[-122.1348305,37.4716766],"hours":"January
        - December Wednesday 12:00 PM to 3:00 PM","kind":"Farmers'' Markets","latitude":37.4716766,"longitude":-122.1348305,"market_match":false,"name":"East
        Palo Alto Community Farmers Market","payments":["Credit","WIC","SNAP"],"products":["Flowers","Vegetables"],"slug":"east-palo-alto-community-farmers-market","slugs":["east-palo-alto-community-farmers-market"],"updated_at":"2014-05-24T14:06:56.508-07:00","urls":["http://www.collectiveroots.org"],"url":"http://smc-ohana-api-test.herokuapp.com/api/locations/1698","organization":{"id":1353,"name":"East
        Palo Alto Community Farmers Market","slug":"east-palo-alto-community-farmers-market","slugs":["east-palo-alto-community-farmers-market"],"_slugs":["east-palo-alto-community-farmers-market"],"url":"http://smc-ohana-api-test.herokuapp.com/api/organizations/1353","locations_url":"http://smc-ohana-api-test.herokuapp.com/api/organizations/1353/locations"}},{"id":1697,"address":{"id":1421,"street":"133
        Serramonte Center","city":"Daly City","state":"CA","zip":"94015"},"coordinates":[-122.471026,37.6704999],"hours":"January
        - December Thursday 9:00 AM to 1:00 PM, Saturday 9:00 AM to 1:00 PM","kind":"Farmers''
        Markets","latitude":37.6704999,"longitude":-122.471026,"market_match":false,"name":"Daly
        City Farmers'' Market at Serramonte Center","payments":["WIC","SFMNP"],"products":["Baked
        Goods","Flowers","Eggs","Seafood","Herbs","Vegetables","Nursery","Nuts","Prepared
        Food","Soap"],"slug":"daly-city-farmers-market-at-serramonte-center","slugs":["daly-city-farmers-market-at-serramonte-center"],"updated_at":"2014-05-24T14:06:56.474-07:00","urls":["http://cafarmersmkts.com/markets/category/daly-city"],"url":"http://smc-ohana-api-test.herokuapp.com/api/locations/1697","organization":{"id":1352,"name":"Daly
        City Farmers'' Market at Serramonte Center","slug":"daly-city-farmers-market-at-serramonte-center","slugs":["daly-city-farmers-market-at-serramonte-center"],"_slugs":["daly-city-farmers-market-at-serramonte-center"],"url":"http://smc-ohana-api-test.herokuapp.com/api/organizations/1352","locations_url":"http://smc-ohana-api-test.herokuapp.com/api/organizations/1352/locations"}},{"id":1696,"address":{"id":1420,"street":"1700
        W. Hillsdale Blvd.","city":"San Mateo","state":"CA","zip":"94402"},"coordinates":[-122.335123,37.5350511],"hours":"January
        - December Saturday 9:00 am to 1:00 pm","kind":"Farmers'' Markets","latitude":37.5350511,"longitude":-122.335123,"market_match":true,"name":"College
        of San Mateo Certified Farmers'' Market","payments":["WIC","SFMNP","SNAP"],"products":["Baked
        Goods","Cheese","Flowers","Seafood","Herbs","Vegetables","Honey","Jams","Meat","Nuts","Plants","Prepared
        Food","Soap"],"slug":"college-of-san-mateo-certified-farmers-market","slugs":["college-of-san-mateo-certified-farmers-market"],"updated_at":"2014-05-24T14:06:56.439-07:00","urls":["http://pcfma.com/market_home.php?market_id=15"],"url":"http://smc-ohana-api-test.herokuapp.com/api/locations/1696","organization":{"id":1351,"name":"College
        of San Mateo Certified Farmers'' Market","slug":"college-of-san-mateo-certified-farmers-market","slugs":["college-of-san-mateo-certified-farmers-market"],"_slugs":["college-of-san-mateo-certified-farmers-market"],"url":"http://smc-ohana-api-test.herokuapp.com/api/organizations/1351","locations_url":"http://smc-ohana-api-test.herokuapp.com/api/organizations/1351/locations"}},{"id":1695,"address":{"id":1419,"street":"400
        Old County Road","city":"Pacifica","state":"CA","zip":"94044"},"coordinates":[-122.4945456,37.6100031],"hours":"May
        - December Wednesday 2:30 PM to 6:30 PM, (CLOSES @ 6:00 in November \u0026
        December)","kind":"Farmers'' Markets","latitude":37.6100031,"longitude":-122.4945456,"market_match":false,"name":"Coastside
        Farmers'' Market of Pacifca","payments":["Credit","WICcash","SFMNP","SNAP"],"products":["Baked
        Goods","Cheese","Flowers","Eggs","Seafood","Herbs","Vegetables","Honey","Jams","Meat","Nursery","Nuts","Poultry","Prepared
        Food","Soap"],"slug":"coastside-farmers-market-of-pacifca","slugs":["coastside-farmers-market-of-pacifca"],"updated_at":"2014-05-24T14:06:56.407-07:00","urls":["http://www.coastsidefarmersmarket.org/"],"url":"http://smc-ohana-api-test.herokuapp.com/api/locations/1695","organization":{"id":1350,"name":"Coastside
        Farmers'' Market of Pacifca","slug":"coastside-farmers-market-of-pacifca","slugs":["coastside-farmers-market-of-pacifca"],"_slugs":["coastside-farmers-market-of-pacifca"],"url":"http://smc-ohana-api-test.herokuapp.com/api/organizations/1350","locations_url":"http://smc-ohana-api-test.herokuapp.com/api/organizations/1350/locations"}},{"id":1694,"address":{"id":1418,"street":"225
        Cabrillo Hwy S","city":"Half Moon Bay","state":"CA","zip":"94019"},"coordinates":[-122.43267,37.464756],"hours":"May
        - December Saturday 9:00 AM to 1:00 PM","kind":"Farmers'' Markets","latitude":37.464756,"longitude":-122.43267,"market_match":false,"name":"Coastside
        Farmers'' Market in Half Moon Bay","payments":["Credit","WICcash","SFMNP","SNAP"],"products":["Baked
        Goods","Cheese","Crafts","Flowers","Eggs","Seafood","Herbs","Vegetables","Honey","Jams","Meat","Nursery","Nuts","Plants","Poultry","Prepared
        Food","Soap"],"slug":"coastside-farmers-market-in-half-moon-bay","slugs":["coastside-farmers-market-in-half-moon-bay"],"updated_at":"2014-05-24T14:06:56.371-07:00","urls":["http://www.coastsidefarmersmarket.org"],"url":"http://smc-ohana-api-test.herokuapp.com/api/locations/1694","organization":{"id":1349,"name":"Coastside
        Farmers'' Market in Half Moon Bay","slug":"coastside-farmers-market-in-half-moon-bay","slugs":["coastside-farmers-market-in-half-moon-bay"],"_slugs":["coastside-farmers-market-in-half-moon-bay"],"url":"http://smc-ohana-api-test.herokuapp.com/api/organizations/1349","locations_url":"http://smc-ohana-api-test.herokuapp.com/api/organizations/1349/locations"}},{"id":1693,"address":{"id":1417,"street":"Howard
        Ave. \u0026 Park","city":"Burlingame","state":"CA","zip":"94010"},"coordinates":[-122.3456787,37.5772448],"hours":"April
        - December Sunday 9:00 AM to 1:30 PM, May - mid-September Thursday 4:00 PM
        to 8:00 PM","kind":"Farmers'' Markets","latitude":37.5772448,"longitude":-122.3456787,"market_match":false,"name":"Burlingame
        Fresh Market Farmers Market","slug":"burlingame-fresh-market-farmers-market","slugs":["burlingame-fresh-market-farmers-market"],"updated_at":"2014-05-24T14:06:56.335-07:00","urls":["http://www.burlingamechamber.org"],"url":"http://smc-ohana-api-test.herokuapp.com/api/locations/1693","organization":{"id":1348,"name":"Burlingame
        Fresh Market Farmers Market","slug":"burlingame-fresh-market-farmers-market","slugs":["burlingame-fresh-market-farmers-market"],"_slugs":["burlingame-fresh-market-farmers-market"],"url":"http://smc-ohana-api-test.herokuapp.com/api/organizations/1348","locations_url":"http://smc-ohana-api-test.herokuapp.com/api/organizations/1348/locations"}},{"id":1692,"address":{"id":1416,"street":"1201
        El Camino Real","city":"Belmont","state":"CA","zip":"94002"},"coordinates":[-122.2743709,37.519226],"hours":"January
        - December Sunday 9:00 AM to 1:00 PM","kind":"Farmers'' Markets","latitude":37.519226,"longitude":-122.2743709,"market_match":true,"name":"Belmont
        Farmers'' Market","payments":["WIC","SFMNP","SNAP"],"products":["Baked Goods","Cheese","Flowers","Eggs","Seafood","Herbs","Vegetables","Honey","Meat","Nursery","Nuts","Poultry","Prepared
        Food"],"slug":"belmont-farmers-market","slugs":["belmont-farmers-market"],"updated_at":"2014-05-24T14:06:56.299-07:00","urls":["http://www.pcfma.com/market_home.php?market_id=2"],"url":"http://smc-ohana-api-test.herokuapp.com/api/locations/1692","organization":{"id":1347,"name":"Belmont
        Farmers'' Market","slug":"belmont-farmers-market","slugs":["belmont-farmers-market"],"_slugs":["belmont-farmers-market"],"url":"http://smc-ohana-api-test.herokuapp.com/api/organizations/1347","locations_url":"http://smc-ohana-api-test.herokuapp.com/api/organizations/1347/locations"}},{"id":1691,"address":{"id":1415,"street":"194
        W 25th Avenue","city":"San Mateo","state":"CA","zip":"94403"},"coordinates":[-122.309978,37.543641],"hours":"May
        - October Tuesday 4:00 PM to 7:30 PM","kind":"Farmers'' Markets","latitude":37.543641,"longitude":-122.309978,"market_match":true,"name":"25th
        Avenue Farmers'' Market","payments":["WIC","SFMNP","SNAP"],"products":["Baked
        Goods","Flowers","Seafood","Vegetables","Honey","Meat","Nursery","Nuts","Plants","Prepared
        Food"],"slug":"25th-avenue-farmers-market","slugs":["25th-avenue-farmers-market"],"updated_at":"2014-05-24T14:06:56.266-07:00","urls":["http://www.pcfma.com/market_home.php?market_id=40"],"url":"http://smc-ohana-api-test.herokuapp.com/api/locations/1691","organization":{"id":1346,"name":"25th
        Avenue Farmers'' Market","slug":"25th-avenue-farmers-market","slugs":["25th-avenue-farmers-market"],"_slugs":["25th-avenue-farmers-market"],"url":"http://smc-ohana-api-test.herokuapp.com/api/organizations/1346","locations_url":"http://smc-ohana-api-test.herokuapp.com/api/organizations/1346/locations"}},{"id":1688,"accessibility":["Wheelchair"],"address":{"id":1412,"street":"1486
        Huntington Avenue, Suite 100","city":"South San Francisco","state":"CA","zip":"94080-5932"},"ask_for":["Erika
        Jennings"],"contacts":[{"id":1992,"name":"Erika Jennings","title":"Director
        of Clinical Services"}],"coordinates":[-122.4221521,37.6444129],"description":"A
        program directed to San Mateo County boys age 12-17 with a documented or suspected
        history of perpetrating sexual abuse and a parent or guardian willing to participate
        in the treatment program. Following a clinical evaluation and interviews with
        all parties, a treatment recommendation is made. Treatment consists of case
        management, weekly group therapy, parent groups, family therapy and referral
        to other resources as necessary.","emails":["ejennings@ymcasf.org"],"faxes":[{"id":1092,"number":"650
        877-8643"}],"kind":"Other","languages":["Spanish"],"latitude":37.6444129,"longitude":-122.4221521,"mail_address":{"id":1685,"attention":"Juvenile
        Sexual Response Program","street":"1486 Huntington Avenue, Suite 100","city":"South
        San Francisco","state":"CA","zip":"94080-5932"},"name":"South San Francisco.,
        Juvenile Sexual Responsibility Program","phones":[{"id":2464,"number":"650
        877-8642"}],"short_desc":"Treatment program for boys age 14-17 with a documented
        or suspected history of perpetrating sexual abuse.","slug":"south-san-francisco-juvenile-sexual-responsibility-program","slugs":["south-san-francisco-juvenile-sexual-responsibility-program"],"transportation":"SAMTRANS
        stops within 1 block. BART within 1/2 mile.","updated_at":"2014-05-24T14:08:00.225-07:00","url":"http://smc-ohana-api-test.herokuapp.com/api/locations/1688","services":[{"id":1692,"audience":"Boys
        age 12-17 with a suspected or documented history of low to moderate risk sex
        offenses","description":"A program directed to San Mateo County boys age 12-17
        with a documented or suspected history of perpetrating sexual abuse and a
        parent or guardian willing to participate in the treatment program. Following
        a clinical evaluation and interviews with all parties, a treatment recommendation
        is made. Treatment consists of case management, weekly group therapy, parent
        groups, family therapy and referral to other resources as necessary.","eligibility":"Resident
        of area served, age 12-17","fees":"Vary according to income. Medi-Cal accepted.","funding_sources":["County"],"keywords":["INDIVIDUAL
        AND FAMILY DEVELOPMENT SERVICES","Growth and Adjustment","LEGAL AND CRIMINAL
        JUSTICE SERVICES","Juvenile Delinquency Prevent","MENTAL HEALTH SERVICES","Individual/Group
        Counseling","Y Facilities","Youth"],"categories":[{"id":245,"depth":0,"oe_id":"109","name":"Education","parent_id":null,"slug":"education"},{"id":279,"depth":1,"oe_id":"109-06","name":"Skills
        \u0026 Training","parent_id":245,"slug":"skills-training"},{"id":286,"depth":2,"oe_id":"109-06-07","name":"Specialized
        Training","parent_id":279,"slug":"specialized-training"}],"how_to_apply":"Referral
        from the police, Probation Department, Children and Family Services, or County
        Mental Health Department.","service_areas":["San Mateo County"],"wait":"Varies.","updated_at":"2014-05-24T14:08:00.221-07:00"}],"organization":{"id":1343,"name":"Youth
        Service Bureaus of the YMCA","slug":"youth-service-bureaus-of-the-ymca","slugs":["youth-service-bureaus-of-the-ymca"],"_slugs":["youth-service-bureaus-of-the-ymca"],"url":"http://smc-ohana-api-test.herokuapp.com/api/organizations/1343","locations_url":"http://smc-ohana-api-test.herokuapp.com/api/organizations/1343/locations"}},{"id":1687,"accessibility":["Wheelchair"],"address":{"id":1411,"street":"1670
        South Amphlett Blvd, Suite 115","city":"San Mateo","state":"CA","zip":"94402"},"ask_for":["Intake
        coordinator"],"contacts":[{"id":1991,"name":"Erika Jennings, MFT","title":"Clinical
        Director"}],"coordinates":[-122.3022248,37.5591732],"description":"The Youth
        Service Bureau (YSB) of the YMCA offers individual, family, couples and group
        counseling. Offers services to families of children age 3-18 who may be struggling
        with a variety of issues including emotional and behavioral problems, drugs
        and alcohol, anger management, sexual identity, abuse and neglect, parenting
        and school and social problems. Serves as a juvenile diversion and risk prevention
        program for youth referred by the Probation Department, police departments,
        or other community agencies. Also houses Building Futures which is a therapeutic
        mentoring program for youth ages 6-14. YSB on-campus couseling services are
        offered at 19 schools throughout San Mateo County. Programs include Violence
        Prevention, School Safety Advocates, Girls United, case management and individual
        and group counseling. Formerly known as Project FOCYS.","emails":["ejennings@ymcasf.org"],"faxes":[{"id":1091,"number":"650
        349-1103"}],"hours":"Monday-Wednesday, 4 pm-8 pm","kind":"Human Services","languages":["Spanish"],"latitude":37.5591732,"longitude":-122.3022248,"mail_address":{"id":1684,"attention":"of
        San Mateo","street":"1670 South Amphlett Blvd, Suite 115","city":"San Mateo","state":"CA","zip":"94402"},"name":"San
        Mateo","phones":[{"id":2463,"number":"650 349-7969"}],"short_desc":"Counseling
        program offering services to families of children who are having behavior
        problems in the community. Also individual and couples counseling.","slug":"san-mateo","slugs":["san-mateo"],"updated_at":"2014-05-24T14:08:29.769-07:00","urls":["http://youthservicebureaus.org"],"url":"http://smc-ohana-api-test.herokuapp.com/api/locations/1687","services":[{"id":1691,"audience":"Youth
        and families, adults, adult and couples","eligibility":"Resident of area served","fees":"Vary
        according to income. Cash, checks, Medi-Cal and Victims of Crime Assistance
        accepted.","funding_sources":["City","County","Donations","Fees","Grants","State"],"keywords":["CHILD
        PROTECTION AND CARE SERVICES","Crisis/Abuse Intervention/Hot","Individual/Group
        Counseling","INDIVIDUAL AND FAMILY DEVELOPMENT SERVICES","Growth and Adjustment","Parent
        Groups","LEGAL AND CRIMINAL JUSTICE SERVICES","Diversion","Juvenile Delinquency
        Prevent","Diversion Programs","Y Facilities","Youth","YMCA"],"categories":[{"id":196,"depth":0,"oe_id":"108","name":"Care","parent_id":null,"slug":"care"},{"id":231,"depth":1,"oe_id":"108-07","name":"Support
        Network","parent_id":196,"slug":"support-network"},{"id":232,"depth":2,"oe_id":"108-07-01","name":"Counseling","parent_id":231,"slug":"counseling-108-07-01"}],"how_to_apply":"Apply
        by phone. School-based services referred by school personnel or police department.","service_areas":["San
        Mateo County"],"wait":"Varies.","updated_at":"2014-05-24T14:08:00.187-07:00"}],"organization":{"id":1343,"name":"Youth
        Service Bureaus of the YMCA","slug":"youth-service-bureaus-of-the-ymca","slugs":["youth-service-bureaus-of-the-ymca"],"_slugs":["youth-service-bureaus-of-the-ymca"],"url":"http://smc-ohana-api-test.herokuapp.com/api/organizations/1343","locations_url":"http://smc-ohana-api-test.herokuapp.com/api/organizations/1343/locations"}},{"id":1686,"accessibility":["Wheelchair"],"address":{"id":1410,"street":"435
        Edgemar Avenue","city":"Pacifica","state":"CA","zip":"94044"},"ask_for":["Intake
        Coordinator"],"contacts":[{"id":1990,"name":"Melissa Riccio","title":"Clinical
        Director"}],"coordinates":[-122.489409,37.6491073],"description":"Offers counseling
        services to children, families and couples. Serves as a juvenile diversion
        program for youth referred from the Probation Department, police departments,
        sheriff''s office or other community agencies. Counselors are on-site at all
        of the Laguna Salada schools and Terra Nova, Oceana and Jefferson high schools
        to provide individual and group counseling, crisis intervention and consultation.
        Children''s groups are held several times a year.","faxes":[{"id":1090,"number":"650
        355-2850"}],"hours":"Monday-Wednesday, 4 pm-8 pm","kind":"Other","latitude":37.6491073,"longitude":-122.489409,"mail_address":{"id":1683,"attention":"Pacifica
        Youth Service Bureau","street":"435 Edgemar Avenue","city":"Pacifica","state":"CA","zip":"94044-6879"},"name":"Pacifica","phones":[{"id":2462,"number":"650
        355-3900"}],"short_desc":"Offers a number of counseling programs for youth
        age 3-18, including youth with questions about their sexuality. Also offers
        counseling for adults.","slug":"pacifica","slugs":["pacifica"],"transportation":"SAMTRANS
        stops within 1 block.","updated_at":"2014-05-29T12:36:08.974-07:00","urls":["http://www.youthservicebureaus.org"],"url":"http://smc-ohana-api-test.herokuapp.com/api/locations/1686","services":[{"id":1690,"audience":"Children,
        adolescents, families and individuals","eligibility":"None","fees":"Vary according
        to income. Cash, checks and Medi-Cal accepted.","funding_sources":["County","Donations","Fees","Grants","School
        district"],"keywords":["CHILD PROTECTION AND CARE SERVICES","Crisis/Abuse
        Intervention/Hot","INDIVIDUAL AND FAMILY DEVELOPMENT SERVICES","Growth and
        Adjustment","LEGAL AND CRIMINAL JUSTICE SERVICES","Diversion","Juvenile Delinquency
        Prevent","MENTAL HEALTH SERVICES","Individual/Group Counseling","Diversion
        Programs","Y Facilities","Youth"],"categories":[{"id":78,"depth":0,"oe_id":"106","name":"Health","parent_id":null,"slug":"health"},{"id":92,"depth":1,"oe_id":"106-04","name":"Health
        Education","parent_id":78,"slug":"health-education"},{"id":100,"depth":2,"oe_id":"106-04-08","name":"Understand
        Mental Health","parent_id":92,"slug":"understand-mental-health"},{"id":311,"depth":0,"oe_id":"111","name":"Legal","parent_id":null,"slug":"legal"},{"id":312,"depth":1,"oe_id":"111-01","name":"Advocacy
        \u0026 Legal Aid","parent_id":311,"slug":"advocacy-legal-aid"}],"how_to_apply":"Apply
        by phone.","service_areas":["San Mateo County","Daly City","El Granada","Half
        Moon Bay","Miramar","Montara","Moss Beach","Pacifica","San Bruno"],"wait":"Varies.","updated_at":"2014-05-29T12:36:08.964-07:00"}],"organization":{"id":1343,"name":"Youth
        Service Bureaus of the YMCA","slug":"youth-service-bureaus-of-the-ymca","slugs":["youth-service-bureaus-of-the-ymca"],"_slugs":["youth-service-bureaus-of-the-ymca"],"url":"http://smc-ohana-api-test.herokuapp.com/api/organizations/1343","locations_url":"http://smc-ohana-api-test.herokuapp.com/api/organizations/1343/locations"}},{"id":1685,"accessibility":["Wheelchair"],"address":{"id":1409,"street":"1486
        Huntington Avenue, Suite 100","city":"South San Francisco","state":"CA","zip":"94080-5932"},"ask_for":["Intake
        coordinator"],"contacts":[{"id":1989,"name":"Erika Jennings, MFT","title":"Director
        of Clinical Services"}],"coordinates":[-122.4221521,37.6444129],"description":"Provides
        individual, group and family therapy for children and their families meeting
        eligibility criteria. Also offers school-based counseling. Much of the counseling
        is short-term (fewer than ten sessions), but it may be extended if the agency
        has time available. Offers counseling as an alternative to juvenile justice
        system for first-time offenders who are referred by local law enforcement
        agencies. The Juvenile Sexual Responsibility Program (described separately)
        provides assessment and treatment for juveniles age 12-17 who have committed
        a sexual offense. Formerly known as North Peninsula Family Alternatives (NPFA).","faxes":[{"id":1089,"number":"650
        877-8643"}],"hours":"Monday-Thursday, 4-8","kind":"Other","languages":["Spanish"],"latitude":37.6444129,"longitude":-122.4221521,"mail_address":{"id":1682,"attention":"of
        SSF","street":"1486 Huntington Avenue, Suite 100","city":"South San Francisco","state":"CA","zip":"94080-5932"},"name":"South
        San Francisco","phones":[{"id":2461,"number":"650 877-8642"}],"short_desc":"Provides
        individual and family counseling in an attempt to divert juveniles from criminal
        activity.","slug":"south-san-francisco","slugs":["south-san-francisco"],"transportation":"SAMTRANS
        stops within 1 block. BART stops within 3/4 mile.","updated_at":"2014-05-24T14:08:00.046-07:00","urls":["http://youthservicebureaus.org"],"url":"http://smc-ohana-api-test.herokuapp.com/api/locations/1685","services":[{"id":1689,"audience":"Children
        and youth age 18 or under and their families","eligibility":"Age 18 or under,
        living or attending school in area served","fees":"Vary according to income.
        Cash, checks and Medi-Cal accepted.","funding_sources":["City","County","Donations","Fees","Grants","School
        district"],"keywords":["CHILD PROTECTION AND CARE SERVICES","Crisis/Abuse
        Intervention/Hot","INDIVIDUAL AND FAMILY DEVELOPMENT SERVICES","Growth and
        Adjustment","LEGAL AND CRIMINAL JUSTICE SERVICES","Diversion","Juvenile Delinquency
        Prevent","Diversion Programs","Y Facilities","Youth"],"categories":[{"id":78,"depth":0,"oe_id":"106","name":"Health","parent_id":null,"slug":"health"},{"id":92,"depth":1,"oe_id":"106-04","name":"Health
        Education","parent_id":78,"slug":"health-education"},{"id":93,"depth":2,"oe_id":"106-04-01","name":"Daily
        Life Skills","parent_id":92,"slug":"daily-life-skills"},{"id":99,"depth":2,"oe_id":"106-04-07","name":"Understand
        Disability","parent_id":92,"slug":"understand-disability"},{"id":100,"depth":2,"oe_id":"106-04-08","name":"Understand
        Mental Health","parent_id":92,"slug":"understand-mental-health"},{"id":311,"depth":0,"oe_id":"111","name":"Legal","parent_id":null,"slug":"legal"},{"id":312,"depth":1,"oe_id":"111-01","name":"Advocacy
        \u0026 Legal Aid","parent_id":311,"slug":"advocacy-legal-aid"}],"how_to_apply":"Walk
        in or apply by phone for an appointment. School-based services referred by
        school personnel, police departments and Diversion Services.","service_areas":["Brisbane","Millbrae","San
        Bruno","South San Francisco"],"wait":"Varies.","updated_at":"2014-05-24T14:08:00.042-07:00"}],"organization":{"id":1343,"name":"Youth
        Service Bureaus of the YMCA","slug":"youth-service-bureaus-of-the-ymca","slugs":["youth-service-bureaus-of-the-ymca"],"_slugs":["youth-service-bureaus-of-the-ymca"],"url":"http://smc-ohana-api-test.herokuapp.com/api/organizations/1343","locations_url":"http://smc-ohana-api-test.herokuapp.com/api/organizations/1343/locations"}},{"id":1684,"accessibility":["Elevator","Wheelchair"],"address":{"id":1408,"street":"550
        Bell Street","city":"East Palo Alto","state":"CA","zip":"94303"},"contacts":[{"id":1988,"name":"Robert
        Hughes","title":"Executive Director"}],"coordinates":[-122.1425461,37.4656323],"description":"Provides
        social, recreational and health and fitness services for persons of all ages.
        Swimming lessons and aquatic exercise are offered in an outdoor pool (seasonal).
        Day camp for children (seasonal), youth basketball, youth soccer, kids'' club,
        Childwatch, climbing walls and teen social center are also offered.","faxes":[{"id":1088,"number":"650
        687-5380"}],"hours":"Monday-Thursday, 6 am-9:30 pm; Friday, 6 am-8 pm; Saturday,
        7 am-5 pm","kind":"Sports","languages":["Spanish"],"latitude":37.4656323,"longitude":-122.1425461,"mail_address":{"id":1681,"attention":"East
        Palo Alto Family YMCA","street":"550 Bell Street","city":"East Palo Alto","state":"CA","zip":"94303"},"name":"East
        Palo Alto Family YMCA","phones":[{"id":2460,"number":"650 328-9622"}],"short_desc":"Provides
        social, recreational and health and fitness services for persons of all ages.","slug":"east-palo-alto-family-ymca","slugs":["east-palo-alto-family-ymca"],"transportation":"SAMTRANS
        stops within 4 blocks.","updated_at":"2014-05-24T14:07:59.918-07:00","urls":["http://www.ymcasv.org"],"url":"http://smc-ohana-api-test.herokuapp.com/api/locations/1684","services":[{"id":1684,"eligibility":"None","fees":"Vary
        according to service. Financial assistance available for membership and programs.
        Cash, checks and credit cards accepted.","funding_sources":["Donations","Fees","Grants"],"keywords":["RECREATION/LEISURE
        SERVICES","Camping","Parks/Playground","Sports/Games/Exercise","Y Facilities","Youth","leisure
        activities"],"categories":[{"id":196,"depth":0,"oe_id":"108","name":"Care","parent_id":null,"slug":"care"},{"id":203,"depth":1,"oe_id":"108-03","name":"Daytime
        Care","parent_id":196,"slug":"daytime-care"},{"id":211,"depth":2,"oe_id":"108-03-04","name":"Day
        Camp","parent_id":203,"slug":"day-camp"},{"id":213,"depth":2,"oe_id":"108-03-06","name":"Recreation","parent_id":203,"slug":"recreation"}],"how_to_apply":"Walk
        in or call for information or email.","service_areas":["East Palo Alto","Menlo
        Park"],"wait":"No wait for most programs.","updated_at":"2014-05-24T14:07:59.914-07:00"}],"organization":{"id":1342,"name":"YMCA
        of Silicon Valley","slug":"ymca-of-silicon-valley","slugs":["ymca-of-silicon-valley"],"_slugs":["ymca-of-silicon-valley"],"url":"http://smc-ohana-api-test.herokuapp.com/api/organizations/1342","locations_url":"http://smc-ohana-api-test.herokuapp.com/api/organizations/1342/locations"}},{"id":1683,"accessibility":["Wheelchair"],"address":{"id":1407,"street":"3412
        Ross Road","city":"Palo Alto","state":"CA","zip":"94303"},"contacts":[{"id":1986,"name":"Scott
        Glissmeyer","title":"Executive Director"},{"id":1987,"name":"Lee Pfab","title":"Associate
        Executive Director"}],"coordinates":[-122.116555,37.428448],"description":"A
        full-service facility featuring a 25-yard lap pool, a recreational pool, and
        Wellness Center featuring the latest weight and fitness equipment. The Y provides
        over 150 land and aquatic-based group exercise classes each week, personalized
        training programs, youth sports leagues, adult drop-in sports, and social
        opportunities for youth, adults and families. Youth-based programs offer summer
        camps, youth sports, a teen center, drop-in KidZone, college prep programs,
        college scholarships, civic engagement and youth fitness programs. Financial
        aid and scholarships are available.","faxes":[{"id":1087,"number":"650 856-7783"}],"hours":"Monday-Thursday,
        6:30 am-9:45 pm; Friday, 6:30 am-7:45 pm; Saturday, 7-5:45; Sunday, 9-8:45
        pm","kind":"Other","languages":["Persian (Farsi)","Spanish","Chinese (Mandarin)","Russian"],"latitude":37.428448,"longitude":-122.116555,"mail_address":{"id":1680,"attention":"YMCA
        of Silicon Valley","street":"3412 Ross Road","city":"Palo Alto","state":"CA","zip":"94303"},"name":"Palo
        Alto Family YMCA","phones":[{"id":2459,"number":"650 856-9622"}],"short_desc":"Provides
        health and fitness classes, residential and day camp programs, and extended
        day care for children enrolled in camp.","slug":"palo-alto-family-ymca","slugs":["palo-alto-family-ymca"],"transportation":"VTA
        stops within 4 blocks.","updated_at":"2014-05-24T14:07:59.863-07:00","urls":["http://www.ymcasv.org"],"url":"http://smc-ohana-api-test.herokuapp.com/api/locations/1683","services":[{"id":1683,"audience":"Youth,
        adults, families","eligibility":"None","fees":"Fixed fee. Financial aid available.
        Cash, checks and credit cards accepted.","funding_sources":["Donations","Fees","Grants","Membership
        dues","United Way Silicon Valley"],"keywords":["HEALTH SERVICES","Education/Information","RECREATION/LEISURE
        SERVICES","Camping","Camperships","Parks/Playground","Sports/Games/Exercise","Y
        Facilities"],"categories":[{"id":78,"depth":0,"oe_id":"106","name":"Health","parent_id":null,"slug":"health"},{"id":92,"depth":1,"oe_id":"106-04","name":"Health
        Education","parent_id":78,"slug":"health-education"},{"id":93,"depth":2,"oe_id":"106-04-01","name":"Daily
        Life Skills","parent_id":92,"slug":"daily-life-skills"},{"id":196,"depth":0,"oe_id":"108","name":"Care","parent_id":null,"slug":"care"},{"id":203,"depth":1,"oe_id":"108-03","name":"Daytime
        Care","parent_id":196,"slug":"daytime-care"},{"id":211,"depth":2,"oe_id":"108-03-04","name":"Day
        Camp","parent_id":203,"slug":"day-camp"}],"how_to_apply":"Walk in or apply
        by phone.","service_areas":["Atherton","East Palo Alto","Los Altos","Los Altos
        Hills","Menlo Park","Mountain View","Palo Alto","Portola Valley","Redwood
        City","Stanford","Sunnyvale","Woodside"],"wait":"Varies. Some programs have
        scheduled starting dates.","updated_at":"2014-05-24T14:07:59.859-07:00"}],"organization":{"id":1342,"name":"YMCA
        of Silicon Valley","slug":"ymca-of-silicon-valley","slugs":["ymca-of-silicon-valley"],"_slugs":["ymca-of-silicon-valley"],"url":"http://smc-ohana-api-test.herokuapp.com/api/organizations/1342","locations_url":"http://smc-ohana-api-test.herokuapp.com/api/organizations/1342/locations"}},{"id":1682,"accessibility":["Wheelchair"],"address":{"id":1406,"street":"2400
        Grant Road","city":"Mountain View","state":"CA","zip":"94040"},"coordinates":[-122.0787752,37.370588],"description":"Provides
        health and physical fitness programs and facilities, family programs, youth
        sports, aquatic programs, after-school childcare and a summer day camp. Senior
        programming is also available.","faxes":[{"id":1086,"number":"650 969-1053"}],"kind":"Sports","languages":["Spanish"],"latitude":37.370588,"longitude":-122.0787752,"mail_address":{"id":1679,"attention":"YMCA
        of Silicon Valley","street":"2400 Grant Road","city":"Mountain View","state":"CA","zip":"94040"},"name":"El
        Camino Branch","phones":[{"id":2458,"number":"650 969-9622"}],"short_desc":"Health
        and physical fitness programs, sports and aquatics, child care and senior
        programs.","slug":"el-camino-branch","slugs":["el-camino-branch"],"transportation":"VTA
        stops within 1 block.","updated_at":"2014-05-29T12:30:34.492-07:00","urls":["http://www.ymcasv.org"],"url":"http://smc-ohana-api-test.herokuapp.com/api/locations/1682","services":[{"id":1682,"eligibility":"None","fees":"Vary
        according to service. Cash, checks and credit cards accepted.","funding_sources":["Donations","Fees","Grants","Membership
        dues","United Way Silicon Valley"],"keywords":["RECREATION/LEISURE SERVICES","Camping","Sports/Games/Exercise","Y
        Facilities","leisure activities"],"how_to_apply":"Walk in.","service_areas":["Los
        Altos","Los Altos Hills","Mountain View"],"wait":"No wait.","updated_at":"2014-05-29T12:30:34.482-07:00"}],"organization":{"id":1342,"name":"YMCA
        of Silicon Valley","slug":"ymca-of-silicon-valley","slugs":["ymca-of-silicon-valley"],"_slugs":["ymca-of-silicon-valley"],"url":"http://smc-ohana-api-test.herokuapp.com/api/organizations/1342","locations_url":"http://smc-ohana-api-test.herokuapp.com/api/organizations/1342/locations"}},{"id":1681,"accessibility":["Wheelchair"],"address":{"id":1405,"street":"755
        Page Mill Road, Bldg. B","city":"Palo Alto","state":"CA","zip":"94304"},"ask_for":["Kelly
        Ear"],"contacts":[{"id":1983,"name":"Matt Hitchcock","title":"Executive Director"},{"id":1984,"name":"Kathryn
        Keefe","title":"Healthy Lifestyles Director"},{"id":1985,"name":"Kelly Ear","title":"Administrative
        Services Director"}],"coordinates":[-122.14243,37.419901],"description":"Provides
        health and physical fitness programs including racquetball/handball, strength
        training, wellness and fitness training classes, aerobic dance (50 classes
        per week), volunteer opportunities, youth sports, aquatics and day camp in
        East Palo Alto, Menlo Park and Palo Alto via affiliated branches.","faxes":[{"id":1085,"number":"650
        858-0664"}],"kind":"Other","latitude":37.419901,"longitude":-122.14243,"mail_address":{"id":1678,"attention":"YMCA
        of Silicon Valley","street":"755 Page Mill Road, Bldg. B","city":"Palo Alto","state":"CA","zip":"94304"},"name":"Page
        Mill Branch","phones":[{"id":2457,"number":"650 858-0661"}],"short_desc":"Provides
        health and physical fitness programs.","slug":"page-mill-branch","slugs":["page-mill-branch"],"transportation":"VTA
        stops within 4 blocks.","updated_at":"2014-05-29T12:18:35.559-07:00","urls":["http://www.ymcasv.org"],"url":"http://smc-ohana-api-test.herokuapp.com/api/locations/1681","services":[{"id":1681,"eligibility":"None","fees":"Vary
        according to service and income ($65/month full year membership). Cash, checks
        and credit cards accepted.","funding_sources":["Donations","Fees","Membership
        dues"],"keywords":["RECREATION/LEISURE SERVICES","Sports/Games/Exercise","Y
        Facilities","dance classes","volunteer program"],"categories":[{"id":78,"depth":0,"oe_id":"106","name":"Health","parent_id":null,"slug":"health"},{"id":92,"depth":1,"oe_id":"106-04","name":"Health
        Education","parent_id":78,"slug":"health-education"},{"id":93,"depth":2,"oe_id":"106-04-01","name":"Daily
        Life Skills","parent_id":92,"slug":"daily-life-skills"},{"id":196,"depth":0,"oe_id":"108","name":"Care","parent_id":null,"slug":"care"},{"id":203,"depth":1,"oe_id":"108-03","name":"Daytime
        Care","parent_id":196,"slug":"daytime-care"}],"how_to_apply":"Walk in.","service_areas":["Atherton","East
        Palo Alto","Los Altos","Los Altos Hills","Menlo Park","Monte Vista","Mountain
        View","Palo Alto","Stanford"],"wait":"No wait.","updated_at":"2014-05-29T12:18:35.553-07:00"}],"organization":{"id":1342,"name":"YMCA
        of Silicon Valley","slug":"ymca-of-silicon-valley","slugs":["ymca-of-silicon-valley"],"_slugs":["ymca-of-silicon-valley"],"url":"http://smc-ohana-api-test.herokuapp.com/api/organizations/1342","locations_url":"http://smc-ohana-api-test.herokuapp.com/api/organizations/1342/locations"}},{"id":1680,"accessibility":["Wheelchair"],"address":{"id":1404,"street":"1975
        South White Road","city":"San Jose","state":"CA","zip":"95148"},"ask_for":["Danielle
        Ramirez-King (Director of Administration and Support Service)"],"contacts":[{"id":1982,"name":"Mario
        Vargas","title":"Executive Director"}],"coordinates":[-121.8079431,37.3429724],"description":"Provides
        activities for adults, teens, seniors and families including sports, child
        care, teen leadership, health enhancement, swim lessons and day camping. Also
        provides tutoring services, computer training and CPR/first aid classes. The
        Mayfair Project provides clubs, day camp, sports and school activities for
        children and teens in the Alum Rock School District. Some activities and programs
        offered free or at low cost for the entire family.","emails":["dking@scvymca.org"],"hours":"Monday-Friday,
        5:30 am-10 pm; Saturday, 6:30 am-6 pm; Sunday, 7:30 am-6 pm","kind":"Other","languages":["Chinese
        (Mandarin)","German","Portuguese","Spanish","Vietnamese"],"latitude":37.3429724,"longitude":-121.8079431,"mail_address":{"id":1677,"attention":"YMCA
        of Silicon Valley","street":"1975 South White Road","city":"San Jose","state":"CA","zip":"95148"},"name":"East
        Valley Branch","phones":[{"id":2456,"number":"408 715-6500"}],"short_desc":"Provides
        activities for adults, youth and families including sports, child care, youth
        leadership, health enhancement and camping.","slug":"east-valley-branch","slugs":["east-valley-branch"],"transportation":"VTA
        stops in front.","updated_at":"2014-05-24T14:07:59.743-07:00","urls":["http://www.ymcasv.org"],"url":"http://smc-ohana-api-test.herokuapp.com/api/locations/1680","services":[{"id":1680,"audience":"Youth
        and families","eligibility":"None","fees":"Vary, financial assistance available.
        Cash, checks and credit cards accepted.","funding_sources":["Donations","Fees","Grants","Membership
        dues","United Way"],"keywords":["CHILD PROTECTION AND CARE SERVICES","Day
        Care","EDUCATION SERVICES","English Language","RECREATION/LEISURE SERVICES","Camping","Parks/Playground","Sports/Games/Exercise","Y
        Facilities"],"categories":[{"id":78,"depth":0,"oe_id":"106","name":"Health","parent_id":null,"slug":"health"},{"id":92,"depth":1,"oe_id":"106-04","name":"Health
        Education","parent_id":78,"slug":"health-education"},{"id":93,"depth":2,"oe_id":"106-04-01","name":"Daily
        Life Skills","parent_id":92,"slug":"daily-life-skills"},{"id":196,"depth":0,"oe_id":"108","name":"Care","parent_id":null,"slug":"care"},{"id":203,"depth":1,"oe_id":"108-03","name":"Daytime
        Care","parent_id":196,"slug":"daytime-care"},{"id":205,"depth":2,"oe_id":"108-03-02","name":"Afterschool
        Care","parent_id":203,"slug":"afterschool-care"},{"id":206,"depth":2,"oe_id":"108-03-03","name":"Childcare","parent_id":203,"slug":"childcare"},{"id":211,"depth":2,"oe_id":"108-03-04","name":"Day
        Camp","parent_id":203,"slug":"day-camp"},{"id":213,"depth":2,"oe_id":"108-03-06","name":"Recreation","parent_id":203,"slug":"recreation"}],"how_to_apply":"Walk
        in, apply by phone or internet.","service_areas":["Berryessa","East San Jose","Evergreen","Milpitas","Silver
        Creek"],"wait":"No wait.","updated_at":"2014-05-24T14:07:59.739-07:00"}],"organization":{"id":1342,"name":"YMCA
        of Silicon Valley","slug":"ymca-of-silicon-valley","slugs":["ymca-of-silicon-valley"],"_slugs":["ymca-of-silicon-valley"],"url":"http://smc-ohana-api-test.herokuapp.com/api/organizations/1342","locations_url":"http://smc-ohana-api-test.herokuapp.com/api/organizations/1342/locations"}}]'
    http_version: 
  recorded_at: Tue, 12 Aug 2014 07:27:35 GMT
- request:
    method: get
    uri: http://smc-ohana-api-test.herokuapp.com/api/search?action=index&controller=organizations&keyword=asdfg&kind=&location=&org_name=&service_area=&utf8=%E2%9C%93
    body:
      encoding: US-ASCII
      string: ''
    headers:
      Accept:
      - application/vnd.ohanapi-v1+json
      User-Agent:
      - Ohanakapa Ruby Gem 1.1.1
      Accept-Encoding:
      - gzip;q=1.0,deflate;q=0.6,identity;q=0.3
  response:
    status:
      code: 200
      message: OK
    headers:
      Server:
      - Cowboy
      Connection:
      - keep-alive
      Date:
      - Tue, 12 Aug 2014 07:27:35 GMT
      Status:
      - 200 OK
      Link:
      - <http://smc-ohana-api-test.herokuapp.com/api/search?action=index&controller=organizations&keyword=asdfg&kind=&location=&org_name=&page=0&per_page=30&service_area=&utf8=%E2%9C%93>;
        rel="last"
      X-Total-Count:
      - '0'
      X-Total-Pages:
      - '0'
      Content-Type:
      - application/json
      Content-Length:
      - '2'
      Etag:
      - '"d751713988987e9331980363e24189ce"'
      Cache-Control:
      - max-age=0, private, must-revalidate
      X-Request-Id:
      - bf41b4d2-8175-47c4-9c1b-868911edd58e
      X-Runtime:
      - '0.035385'
      Via:
      - 1.1 vegur
    body:
      encoding: UTF-8
      string: "[]"
    http_version: 
  recorded_at: Tue, 12 Aug 2014 07:27:35 GMT
recorded_with: VCR 2.9.2
